	Kingdom	Phylum	Class	Order	Family	Genus	Species	ASV	ASVseqs
ASV_1	Bacteria	Bacteroidota	Bacteroidia	Bacteroidales	Rikenellaceae	Alistipes	NA	ASV_1	AGGATGACGGCTCTATGAGTTGTAAACTGCTTTTGTATGAGGGTAAAAACAGATACGCGTATCTGCTTGAAAGTATCATACGAATAAGGATCGGCTAACTCCGTGCCAGCAGCCGCGGTAATACGGAGGATCCAAGCGTTATCCGGATTTATTGGGTTTAAAGGGTGCGTAGGCGGTTTGATAAGTTAGAGGTGAAATGTCGGGGCTCAACCCCGAAACTGCCTCTAATACTGTTAGACTAGAGAGTAGTTGCTGTGGGCGGAATGTATGGTGTAGCGGTGAAATGCTTAGATATCATACAGAACACCGATTGCGAA
ASV_2	Bacteria	Bacteroidota	Bacteroidia	Bacteroidales	Rikenellaceae	Alistipes	NA	ASV_2	AGGATGACGGCTCTATGAGTTGTAAACTGCTTTTGTATGAGGGTAATATCACCTACGTGTAGGTGTTTGAAAGTATCATACGAATAAGGATCGGCTAACTCCGTGCCAGCAGCCGCGGTAATACGGAGGATTCAAGCGTTATCCGGATTTATTGGGTTTAAAGGGTGCGTAGGCGGTTTTATAAGTTAGAGGTGAAATATCGGGGCTCAACCCCGAAACTGCCTCTAATACTGTAGAACTAGAGAGTAGTTGCGGTAGGCGGAATGTATAGTGTAGCGGTGAAATGCTTAGAGATTATACAGAACACCGATTGCGAA
ASV_3	Bacteria	Bacteroidota	Bacteroidia	Bacteroidales	Rikenellaceae	Alistipes	NA	ASV_3	AGGATGACGGCTCTATGAGTTGTAAACTGCTTTTGTATGAGGGTAAACCCAGATACGTGTATCTGGCTGAAAGTATCATACGAATAAGGATCGGCTAACTCCGTGCCAGCAGCCGCGGTAATACGGAGGATTCAAGCGTTATCCGGATTTATTGGGTTTAAAGGGTGCGTAGGCGGTTTGATAAGTTAGAGGTGAAATCTCGGAGCTCAACTCCGAAACTGCCTCTAATACTGTCAAGCTAGAGAGTAGTTGCTGTGGGCGGAATGTATGGTGTAGCGGTGAAATGCTTAGAGATCATACAGAACACCGATTGCGAA
ASV_4	Bacteria	Bacteroidota	Bacteroidia	Bacteroidales	Rikenellaceae	Alistipes	NA	ASV_4	AGGATGACGGCTCTATGAGTTGTAAACTGCTTTTGTACGAGGGTAAAATGTGGTACGTGTACCACACTGAAAGTACCGTACGAATAAGGATCGGCTAACTCCGTGCCAGCAGCCGCGGTAATACGGAGGATTCGAGCGTTATCCGGATTTATTGGGTTTAAAGGGTGCGTAGGCGGTTTGATAAGTTAGAGGTGAAATGTCGGGGCTCAACCCCGAAACTGCCTCTAATACTGTCAGACTAGAGAGTAGTTGCTGTGGGCGGAATGTATGGTGTAGCGGTGAAATGCTTAGATATCATACAGAACACCGATTGCGAA
ASV_5	Bacteria	Bacteroidota	Bacteroidia	Bacteroidales	Rikenellaceae	Alistipes	NA	ASV_5	AGGATGACGGCTCTATGAGTTGTAAACTGCTTTTGTATGAGGGTAAACCCAGGTACGTGTACCTGGCTGAAAGTATCATACGAATAAGGATCGGCTAACTCCGTGCCAGCAGCCGCGGTAATACGGAGGATTCAAGCGTTATCCGGATTTATTGGGTTTAAAGGGTGCGTAGGCGGTTTGATAAGTTAGAGGTGAAATCTCGGAGCTCAACTCCGAAACTGCCTCTAATACTGTCGAACTAGAGATTAGTTGCTGTGGGCGGAATGTATGGTGTAGCGGTGAAATGCTTAGAGATCATACAGAACACCGATTGCGAA
ASV_6	Bacteria	Bacteroidota	Bacteroidia	Bacteroidales	Rikenellaceae	Alistipes	NA	ASV_6	AGGATGACGGCTCTATGAGTTGTAAACTGCTTTTGTATGAGGGTAAACTCAGGTACGTGTACCTGACTGAAAGTATCATACGAATAAGGATCGGCTAACTCCGTGCCAGCAGCCGCGGTAATACGGAGGATTCAAGCGTTATCCGGATTTATTGGGTTTAAAGGGTGCGTAGGCGGTTTGATAAGTTAGAGGTGAAATCTCGGAGCTCAACTCCGAAACTGCCTCTAATACTGTCGAACTTGAGAGTAGTTGCTGTGGGCGGAATGTATGGTGTAGCGGTGAAATGCTTAGAGATCATACAGAACACCGATTGCGAA
ASV_7	Bacteria	Verrucomicrobiota	Verrucomicrobiae	Opitutales	Puniceicoccaceae	Lentimonas	NA	ASV_7	GGGATGAAGGCCTTCGGGTCGTAAACCTCTGTCATCAAGGAGCAACAAGCAGGTTCATAGCCTGCCCTGAGTTAACTTGAAGAGGAAGCAGTGGCTAACTCCGTGCCAGCAGCCGCGGTAATACGGAGACTGCAAGCGTTACTCGGATTCACTGGGCGTAAAGGGTGCGTAGGCGGATAGGTGTGTTAGGTGTGAAATCTCGGGGCTCAACCTCGAAACTGCGCCTAAAACTGCCTATCTAGAGTATTGGAGAGGTAAGCGGAATTTCTGGTGTAGCGGTGAAATGCGTAGATATCAGAAGGAACACCAATGGCGAA
ASV_8	Bacteria	Bacteroidota	Bacteroidia	Bacteroidales	Rikenellaceae	Alistipes	NA	ASV_8	AGGATGACGGCTCTATGAGTTGTAAACTGCTTTTGTATGAGGGTAAACCCAGATACGTGTATCTGGCTGAAAGTATCATACGAATAAGGATCGGCTAACTCCGTGCCAGCAGCCGCGGTAATACGGAGGATTCAAGCGTTATCCGGATTTATTGGGTTTAAAGGGTGCGTAGGCGGTTTGATAAGTTAGAGGTGAAATCTCGGAGCTCAACTCCGAAACTGCCTCTAATACTGTCGAGCTAGAGATTAGTTGCTGTGGGCGGAATGTATGGTGTAGCGGTGAAATGCTTAGAGATCATACAGAACACCGATTGCGAA
ASV_9	Bacteria	Bacteroidota	Bacteroidia	Bacteroidales	Rikenellaceae	Alistipes	NA	ASV_9	AGGATGACGGCTCTATGAGTTGTAAACTGCTTTTGTATAGGGGTAAACTTAGGTACGTGTACCTAACTGAAAGTACTATACGAATAAGGATCGGCTAACTCCGTGCCAGCAGCCGCGGTAATACGGAGGATTCAAGCGTTATCCGGATTTATTGGGTTTAAAGGGTGCGTAGGCGGTTTGATAAGTTAGGGGTGAAATACCGAGGCTCAACCTCGGAACTGCCCCTAATACTGTTGAACTAGAGAATAGTTGCTGTTGGCGGAATGTGTAGTGTAGCGGTGAAATGCTTAGATATTACACAGAACACCGATTGCGAA
ASV_10	Bacteria	Bacteroidota	Bacteroidia	Bacteroidales	Rikenellaceae	Alistipes	NA	ASV_10	AGGAAGACGGCTCTATGAGTTGTAAACTGCTTTTGTACGAGGGTAAAATTGGGTACGTGTACCCAACTGAAAGTATCGTACGAATAAGGATCGGCTAACTCCGTGCCAGCAGCCGCGGTAATACGGAGGATTCAAGCGTTATCCGGATTTATTGGGTTTAAAGGGTGCGTAGGCGGTTAGATAAGTTAGAGGTGAAATCTTGGGGCTCAACCCCGAAACTGCCTCTAATACTGTTTGACTAGAGATTAGTTGCTGTGGGCGGAATGTATGGTGTAGCGGTGAAATGCTTAGAGATCATACAGAACACCGATTGCGAA
ASV_11	Bacteria	Bacteroidota	Bacteroidia	Bacteroidales	Rikenellaceae	Rikenella	NA	ASV_11	AGGATGACGGCTCTATGAGTTGTAAACTGCTTTTGTATTAGGGTAATAGCCAGTACGTGTACTGGTTTGAAAGTATAATACGAATAAGGATCGGCTAACTCCGTGCCAGCAGCCGCGGTAATACGGAGGATTCAAGCGTTATCCGGATTTATTGGGTTTAAAGGGTGCGTAGGTGGTTTTATAAGTTAGTCGTTAAATATCGGGGCTCAACCTCGATCTTGCGATTGATACTGTAGAACTAGAGAGCAGTTGCGGTAGGCGGAATGAGTAGTGTAGCGGTGAAATGCTTAGATATTACTCAGAACACCGATTGCGAA
ASV_12	Bacteria	Bacteroidota	Bacteroidia	Bacteroidales	Rikenellaceae	Alistipes	NA	ASV_12	AGGATGACGGCTCTATGAGTTGTAAACTGCTTTTGTATGAGGGTAAAAGCTAGTACGTGTACTAGTCTGAAAGTACCATACGAATAAGGATCGGCTAACTCCGTGCCAGCAGCCGCGGTAATACGGAGGATTCGAGCGTTATCCGGATTTATTGGGTTTAAAGGGTGCGTAGGCGGTTTGATAAGTTAGAGGTTAAATGTCGGGGCTCAACCCCGTGCCTGCCTCTAATACTGTTAAACTAGAGAGTAGTTGCTGTGGGCGGAATGTATGGTGTAGCGGTGAAATGCTTAGATATCATACAGAACACCGATTGCGAA
ASV_13	Bacteria	Bacteroidota	Bacteroidia	Bacteroidales	Rikenellaceae	Alistipes	NA	ASV_13	AGGATGACGGCTCTATGAGTTGTAAACTGCTTTTGTATGAGGGTAATTGCACCTACGTGTAGGTGTTTGAAAGTATCATACGAATAAGGATCGGCTAACTCCGTGCCAGCAGCCGCGGTAATACGGAGGATTCAAGCGTTATCCGGATTTATTGGGTTTAAAGGGTGCGTAGGCGGTTTTATAAGTTAGAGGTGAAATATCGGGGCTCAACCCCGAAACTGCCTCTAATACTGTAGAACTAGAGAGTAGTTGCGGTAGGCGGAATGTATAGTGTAGCGGTGAAATGCTTAGAGATTATACAGAACACCGATTGCGAA
ASV_14	Bacteria	Verrucomicrobiota	Verrucomicrobiae	Opitutales	Puniceicoccaceae	NA	NA	ASV_14	GGGACGAAGGTTTTCGAATTGTAAACCCCTGTCGAATAGGACTAAACGTAAGGTTAGTAGCCTTACCTGAATTAACTATTAGAGGAAGCAGTGGCTAACTCCGTGCCAGCAGCCGCGGTAATACGGAGACTGCGAGCGTTACTCGGATTCACTGGGCGTAAAGGGAGCGCAGGCGGTTGTATGTGTTGATTGTGAAATCTCGGGGCTCAACTCCGAAACTGCAGTCAAAACTATACAACTAGAGTATTGGAGGGGTAAACGGAATTTCTGGTGTAGCGGTGAAATGCGCAGATATCAGAAGGAACACCGAAGGCGAA
ASV_15	Bacteria	Bacteroidota	Bacteroidia	Bacteroidales	Rikenellaceae	Rikenella	NA	ASV_15	AGGATTAAGGCTCTATGAGTTGTAAACTGCTTTTGTAAGGGGGTAAAAGAGGTCACGAGTGGCTTATTGAAAGTACCTTACGAATAAGGATCGGCTAACTCCGTGCCAGCAGCCGCGGTAATACGGAGGATCCAAGCGTTATCCGGATTTATTGGGTTTAAAGGGTGCGTAGGTTGTATGATAAGTTAGCGGTGAAATACCGTAGCTCAACTATGGGGCTGCCGCTAATACTGTCAAACTAGAGATTGGTTGCAGCAGGCGGAATGTGTAGTGTAGCGGTGAAATGCTTAGATATTACACAGAACACCGATTGCGAA
ASV_16	Bacteria	Bacteroidota	Bacteroidia	Bacteroidales	Rikenellaceae	Alistipes	NA	ASV_16	AGGATGACGGCTCTATGAGTTGTAAACTGCTTTTGTACGAGGGTAAAGTTAGGTACGAGTACCTATTTGAAAGTATCGTATGAATAAGGGTCGGCTAACTCCGTGCCAGCAGCCGCGGTAATACGGAGGACCCGAGCGTTATCCGGATTTATTGGGTTTAAAGGGTGCGTAGGCGGTTTGATAAGTTAGAGGTGAAATTTAGTGGCTCAACCACTAGCCTGCCTCTAATACTGTTGAACTAGAGTGTAGATGCTGAGGGCGGAATGTGTAGTGTAGCGGTGAAATGCTTAGATATTACACAGAACACCGATTGCGAA
ASV_17	Bacteria	Bacteroidota	Bacteroidia	Bacteroidales	Rikenellaceae	Alistipes	NA	ASV_17	AGGAAGACGGCTCTATGAGTTGTAAACTGCTTTTGTATGAGGGTAAAATCGGGTACGAGTACCTGTTTGAAAGTATCATACGAATAAGGATCGGCTAACTCCGTGCCAGCAGCCGCGGTAATACGGAGGATTCAAGCGTTATCCGGATTTATTGGGTTTAAAGGGTGCGTAGGCGGCCAGATAAGTTAGAGGTGAAATCTCGGAGCTCAACTCCGAAACTGCCTCTAATACTGTTTGGCTAGAGAGTAGTTGCTGTGGGCGGAATGTATGGTGTAGCGGTGAAATGCTTAGAGATCATACAGAACACCGATTGCGAA
ASV_18	Bacteria	Bacteroidota	Bacteroidia	Bacteroidales	Rikenellaceae	Alistipes	NA	ASV_18	AGGATGACGGCTCTATGAGTTGTAAACTGCTTTTGTATGAGGGTAAAAACTAGTACGTGTACTAGCTTGAAAGTATCATACGAATAAGGATCGGCTAACTCCGTGCCAGCAGCCGCGGTAATACGGAGGATTCAAGCGTTATCCGGATTTATTGGGTTTAAAGGGTGCGTAGGCGGTTTGATAAGTTAGAGGTGAAATGTCGGGGCTCAACCCCGAAACTGCCTCTAATACTGTTGAACTGGAGAGTAGTTGCTGTGGGCGGAATGTATGGTGTAGCGGTGAAATGCTTAGATATCATACAGAACACCGATTGCGAA
ASV_19	Bacteria	Bacteroidota	Bacteroidia	Bacteroidales	Rikenellaceae	Alistipes	NA	ASV_19	AGGATGACGGCTCTATGAGTTGTAAACTGCTTTTGTATGAGGGTAAAATCATCTACGTGTAGATGACTGAAAGTATCATACGAATAAGGATCGGCTAACTCCGTGCCAGCAGCCGCGGTAATACGGAGGATTCAAGCGTTATCCGGATTTATTGGGTTTAAAGGGTGCGTAGGCGGTTTTATAAGTTAGAGGTGAAATATCGGGGCTCAACCCCGAAACTGCCTCTAATACTGTAGAACTAGAGAGTAGTTGCGGTAGGCGGAATGTATAGTGTAGCGGTGAAATGCTTAGAGATTATACAGAACACCGATTGCGAA
ASV_20	Bacteria	Bacteroidota	Bacteroidia	Bacteroidales	Rikenellaceae	Rikenella	NA	ASV_20	AGGATGACGGCTCTATGAGTTGTAAACTGCTTTTGTATAGGGGTAAAGTCACTCACGTGTGGGTGTTTGCAAGTACTATACGAATAAGGATCGGCTAACTCCGTGCCAGCAGCCGCGGTAATACGGAGGATCCAAGCGTTATCCGGATTTATTGGGTTTAAAGGGTGCGTAGGCGGACTGTTAAGTTAGTCGTTAAATCGTTTGGCTCAACCAGACAGTGGCGATTGATACTGGCAATCTAGAGATTATGTGCAGTGGGCGGAATGAGTAGTGTAGCGGTGAAATGCTTAGATATTACTCAGAACACCAATTGCGAA
ASV_21	Bacteria	Bacteroidota	Bacteroidia	Bacteroidales	Rikenellaceae	Alistipes	NA	ASV_21	AGGATGACGGCTCTATGAGTTGTAAACTGCTTTTGTATGAGGGTAAAAACAGATACGTGTATCTGCTTGAAAGTATCATACGAATAAGGATCGGCTAACTCCGTGCCAGCAGCCGCGGTAATACGGAGGATTCAAGCGTTATCCGGATTTATTGGGTTTAAAGGGTGCGTAGGCGGTTTGATAAGTTAGAGGTGAAATGTCGGGGCTCAACCCCGAAACTGCCTCTAATACTGTTAGACTAGAGAGTAGTTGCTGTGGGCGGAATGTATGGTGTAGCGGTGAAATGCTTAGAGATCATACAGAACACCGATTGCGAA
ASV_22	Bacteria	Bacteroidota	Bacteroidia	Bacteroidales	Rikenellaceae	Rikenella	NA	ASV_22	AGGATTAAGGCTCTATGAGTTGTAAACTGCTTTTGTAAGGGGGTAAAAGAGATTACGAGTAGTCTATTGAAAGTACCTTACGAATAAGGATCGGCTAACTCCGTGCCAGCAGCCGCGGTAATACGGAGGATCCGAGCGTTATCCGGATTTATTGGGTTTAAAGGGTGCGTAGGTTGTATGATAAGTTAGCGGTGAAATACCGTAGCTCAACTATGGGGCTGCCGCTAATACTGTCAAACTAGAGATTGGTTGCAGCAGGCGGAATGTGTAGTGTAGCGGTGAAATGCTTAGATATTACACAGAACACCGATTGCGAA
ASV_23	Bacteria	Bacteroidota	Bacteroidia	Bacteroidales	Paludibacteraceae	NA	NA	ASV_23	AGGAAGACTGCCCTATGGGTTGTAAACTTCTTTTGTGTAGGAATAAAAATAGGGACGTGTCCCTTCTTGTATGTACTGCACGAATAAGGATCGGCTAACTCCGTGCCAGCAGCCGCGGTAATACGGAGGATTCGAGCGTTATCCGGATTTATTGGGTTTAAAGGGTGCGTAGGCGGGATATTAAGTCAGTGGTGAAATATTGCAGCTCAACTGTAATACTGCCGTTGAAACTGGTATCCTTGAGTGTAAATGAGGTATGCGGAATGTGTTGTGTAGCGGTGAAATGCTTAGATATAACACAGAACACCGATTGCGAA
ASV_24	Bacteria	Bacteroidota	Bacteroidia	Bacteroidales	Porphyromonadaceae	NA	NA	ASV_24	AGGATGACTGCCTTATGGGTTGTAAACTTCTTTAGATTGGGAATAAAAAACGCCACGAGTGGCGTCTTGTATGTACCAATAGAATAAGCATCGGCTAACTCCGTGCCAGCAGCCGCGGTAATACGGAGGATGCGAGCGTTATCCGGATTTATTGGGTTTAAAGGGTGCGCAGGCGGCACGATAAGTCAGCGGTGAAATACTTCAGCTCAACTGGAGAACTGCCGTTGAAACTGTCGAGCTAGAGTGTAGTAGATGTGTGCGGAATGCGTGGTGTAGCGGTGAAATGCATAGATATCACGCAGAACTCCGATTGCGAA
ASV_25	Bacteria	Bacteroidota	Bacteroidia	Bacteroidales	Rikenellaceae	Rikenella	NA	ASV_25	AGGATGACGGCTCTATGAGTTGTAAACTGCTTTTGTACGAGAATAATATCACCTACGTGTAGGTGTTTGAATGTATCGTACGAATAAGGATCGGCTAACTCCGTGCCAGCAGCCGCGGTAATACGGAGGATTCAAGCGTTATCCGGATTTATTGGGTTTAAAGGGTGCGTAGGTGGTTTTATAAGTTAGTCGTTAAATCGTGGAGCTCAACTTCACAATGGCGATTGATACTGTAGAACTAGAGAGCAGTTGCGGTAGGCGGAATGAGTAGTGTAGCGGTGAAATGCTTAGATATTACTCAGAACACCGATTGCGAA
ASV_26	Bacteria	Bacteroidota	Bacteroidia	Bacteroidales	Paludibacteraceae	NA	NA	ASV_26	AGGAAGACTGCCCTATGGGTTGTAAACTTCTTTTGTGTAGGAATAAAAATAGGGACGTGTCCCTTCTTGTATGTACTGCACGAATAAGGATCGGCTAACTCCGTGCCAGCAGCCGCGGTAATACGGAGGATTCGAGCGTTATCCGGATTTATTGGGTTTAAAGGGTGCGTAGGCGGGATATTAAGTCAGTGGTGAAATATTGCAGCTCAACTGTAATACTGCCGTTGAAACTGGTATCCTTGAGTGTAAATGAGGTATGCGGAATGTGTTGTGTAGCGGTGAAATGCTTAGATATAACACAGAACACCAATTGCGAA
ASV_27	Bacteria	Bacteroidota	Bacteroidia	Bacteroidales	Muribaculaceae	NA	NA	ASV_27	GGGATGACTGTCCTATGGATTGTAAACCTCTTTTGTCAGGGAGCACATACCGATACGTGTATCGGAGCAGAGAGTACCTGAAGAAAAAGCATCGGCTAACTCCGTGCCAGCAGCCGCGGTAATACGGAGGATGCGAGCGTTATCCGGATTTATTGGGTTTAAAGGGTGCGTAGGTGGTGGCATAAGTCAGCGGTAAAATTTCTGAGCTCAACTCAGTCTCGCCGTTGAAACTGTATCACTAGAGTTAGATTGAAGTAAACGGAATGCGTTGTGTAGCGGTGAAATGCATAGATATAACGCAGAACTCCAATTGCGAA
ASV_28	Bacteria	Bacteroidota	Bacteroidia	Bacteroidales	Rikenellaceae	Rikenella	NA	ASV_28	AGGAAGACGGCTCTATGAGTTGTAAACTTCTTTTGTAAGAGGATAAAAAAGAGTACGAGTACTCTCTTGCAGGTATCTTACGAATAAGGATCGGCTAACTCCGTGCCAGCAGCCGCGGTAATACGGAGGATTCGAGCGTTATCCGGATTTATTGGGTTTAAAGGGTGCGTAGGTGGTAGATTAAGTTAGTGGTGAAATTTAACGGCTCAACCGTATTTATGCCATTAATACTGATATACTAGAGTATGGATGCAGCAGGCGGAATGTGTAGTGTAGCGGTGAAATGCATAGATATTACACAGAACACCAATTGCGAA
ASV_29	Bacteria	Bacteroidota	Bacteroidia	Bacteroidales	Muribaculaceae	NA	NA	ASV_29	GGGATGACTGTCCTATGGATTGTAAACCTCTTTTGTCAGGGAGCACATGCCAGTACGCGTACTGGAGCAGAGAGTACCTGAAGAAAAAGCATCGGCTAACTCCGTGCCAGCAGCCGCGGTAATACGGAGGATGCGAGCGTTATCCGGATTTATTGGGTTTAAAGGGTGCGTAGGTGGTGGCATAAGTCAGCGGTAAAATTTCTGAGCTCAACTCAGTCTCGCCGTTGAAACTGTATCACTAGAGTTAGATTGAAGTAAACGGAATGCGTTGTGTAGCGGTGAAATGCATAGATATAACGCAGAACTCCAATTGCGAA
ASV_30	Bacteria	Bacteroidota	Bacteroidia	Bacteroidales	Rikenellaceae	Rikenella	NA	ASV_30	AGGAAGACGGCTCTATGAGTTGTAAACTGCTTTTGTAAGAGAGTAATTATGGGTACGTGTACTCATTTGCAAGTATCTTACGAATAAGGATCGGCTAACTCCGTGCCAGCAGCCGCGGTAATACGGAGGATCCGAGCGTTATCCGGATTTATTGGGTTTAAAGGGTGCGTAGGTGGCAATGTAAGTCAGTGGTTAAAGACGATAGCTCAACTATCGTATTGCCATTGAAACTACATAGCTAGAGAGTGGTTGCAGCAGGCGGAATGTGTAGTGTAGCGGTGAAATGCTTAGATATTACACAGAACACCGATTGCGAA
ASV_31	Bacteria	Bacteroidota	Bacteroidia	Bacteroidales	Rikenellaceae	Alistipes	NA	ASV_31	AGGATGACGGCTCTATGAGTTGTAAACTGCTTTTGTATGAGGGTAAATGCAGGTACGTGTACCTGTTTGAAAGTATCATACGAATAAGGATCGGCTAACTCCGTGCCAGCAGCCGCGGTAATACGGAGGATTCGAGCGTTATCCGGATTTATTGGGTTTAAAGGGTGCGTAGGCGGTTTGATAAGTTAGAGGTGAAATGTCGGGGCTCAACCCCGAAACTGCCTCTAATACTGTTAGACTAGAGATTAGTTGCTGTGGGCGGAATGTATGGTGTAGCGGTGAAATGCTTAGAGATCATACAGAACACCGATTGCGAA
ASV_32	Bacteria	Bacteroidota	Bacteroidia	Bacteroidales	Rikenellaceae	Alistipes	NA	ASV_32	AGGATGACGGCTCTATGAGTTGTAAACTGCTTTTGTATGAGGGTAAACCAGAGTACGTGTACTCTGCTGAAAGTATCATACGAATAAGGATCGGCTAACTCCGTGCCAGCAGCCGCGGTAATACGGAGGATTCAAGCGTTATCCGGATTTATTGGGTTTAAAGGGTGCGTAGGCGGTTTGATAAGTTAGAGGTGAAATCTCGGGGCTCAACTCCGAAACTGCCTCTAATACTGTCGAGCTAGAGATTAGTTGCTGTGGGCGGAATGTATGGTGTAGCGGTGAAATGCTTAGAGATCATACAGAACACCGATTGCGAA
ASV_33	Bacteria	Bacteroidota	Bacteroidia	Bacteroidales	Rikenellaceae	Rikenella	NA	ASV_33	AGGAAGACGGCTCTATGAGTTGTAAACTTCTTTTGTAAGAGGATAAAAAGAGGGACGTGTCCCTTATTGCAGGTATCTTACGAATAAGGATCGGCTAACTCCGTGCCAGCAGCCGCGGTAATACGGAGGATTCGAGCGTTATCCGGATTTATTGGGTTTAAAGGGTGCGTAGGTTGTATATTAAGTTAGTGGTTAAATCTTTCGGCTTAACCGGGCAGTTGCCATTAATACTGATATACTAGAGTTTGGATGCAGCAGGCGGAATGTGTAGTGTAGCGGTGAAATGCATAGATATTACACAGAACACCGATTGCGAA
ASV_34	Bacteria	Bacteroidota	Bacteroidia	Bacteroidales	Rikenellaceae	Alistipes	NA	ASV_34	AGGATGACGGCTCTATGAGTTGTAAACTGCTTTTGTATGAGGGTAAAAGTGGGTACGTGTACCTATTTGAAAGTATCATACGAATAAGGATCGGCTAACTCCGTGCCAGCAGCCGCGGTAATACGGAGGATTCAAGCGTTATCCGGATTTATTGGGTTTAAAGGGTGCGTAGGCGGTTTGATAAGTTAGAGGTGAAATGTCGGGGCTCAACCCCGAAACTGCCTCTAATACTGTTGAACTGGAGAGTAGTTGCTGTGGGCGGAATGTATGGTGTAGCGGTGAAATGCTTAGATATCATACAGAACACCGATTGCGAA
ASV_35	Bacteria	Bacteroidota	Bacteroidia	Bacteroidales	Barnesiellaceae	NA	NA	ASV_35	AGGATGACAGCCCTTTGGGTTGTAAACTTCTTTTAGTTGAGAGTAAAAAGCACTACGCGTAGTGCCTTGCAAGTATCAACAGAATAAGCATCGGCTAATTCCGTGCCAGCAGCCGCGGTAATACGGAAGATGCGAGCGTTATCCGGATTTATTGGGTTTAAAGGGTGCGTAGGCGGACGTTTAAGTCAGTGGTGAAATCTTTCGGCTCAACCGAGAAACTGCCATTGAAACTGAATGTCTTGAGTATAACAGAGGTATGCGGAATGCGTTGTGTAGCGGTGAAATGCATAGATATAACGCAGAACTCCAATTGCGAA
ASV_36	Bacteria	Bacteroidota	Bacteroidia	Bacteroidales	Rikenellaceae	Alistipes	NA	ASV_36	AGGATGACGGCTCTATGAGTTGTAAACTGCTTTTGTATGAGGGTAAAAACAGATACGCGTATCTGCCTGAAAGTATCATACGAATAAGGATCGGCTAACTCCGTGCCAGCAGCCGCGGTAATACGGAGGATCCAAGCGTTATCCGGATTTATTGGGTTTAAAGGGTGCGTAGGCGGTTTGATAAGTTAGAGGTGAAATGTCGGGGCTCAACCCCGAAACTGCCTCTAATACTGTTAGACTAGAGAGTAGTTGCTGTGGGCGGAATGTATGGTGTAGCGGTGAAATGCTTAGATATCATACAGAACACCGATTGCGAA
ASV_37	Bacteria	Bacteroidota	Bacteroidia	Bacteroidales	Rikenellaceae	Alistipes	NA	ASV_37	AGGATGACGGCTCTATGAGTTGTAAACTGCTTTTGTATGAGGGTAAATTCAGGTACGTGTACCTGTTTGAAAGTATCATACGAATAAGGATCGGCTAACTCCGTGCCAGCAGCCGCGGTAATACGGAGGATTCGAGCGTTATCCGGATTTATTGGGTTTAAAGGGTGCGTAGGCGGTTTGATAAGTTAGAGGTGAAATGTCGGGGCTCAACCCCGAAACTGCCTCTAATACTGTTAGACTAGAGATTAGTTGCTGTGGGCGGAATGTATGGTGTAGCGGTGAAATGCTTAGAGATCATACAGAACACCGATTGCGAA
ASV_38	Bacteria	Bacteroidota	Bacteroidia	Bacteroidales	Rikenellaceae	Alistipes	NA	ASV_38	AGGATGACGGCTCTATGAGTTGTAAACTGCTTTTGTACGAGGGTAAAAACAGGTACGTGTACCTGGTTGAAAGTATCGTATGAATAAGGGTCGGCTAACTCCGTGCCAGCAGCCGCGGTAATACGGAGGACCCGAGCGTTATCCGGATTTATTGGGTTTAAAGGGTGCGTAGGCGGTTTGATAAGTTAGAGGTGAAATTTAGTGGCTTAACCACTAAACTGCCTCTAATACTGTTGAACTAGAGTGTAGATGCTGAGGGCGGAATGTGTAGTGTAGCGGTGAAATGCTTAGATATTACACAGAACACCGATTGCGAA
ASV_39	Bacteria	Bacteroidota	Bacteroidia	Bacteroidales	Rikenellaceae	Rikenella	NA	ASV_39	AGGAAGACGGCTCTATGAGTTGTAAACTTCTTTTGTAAGAGGATAAAAAAGAGTACGTGTACTCTCTTGCAGGTATCTTACGAATAAGGATCGGCTAACTCCGTGCCAGCAGCCGCGGTAATACGGAGGATTCGAGCGTTATCCGGATTTATTGGGTTTAAAGGGTGCGTAGGTGGTAGATTAAGTTAGTGGTGAAATTTAACGGCTCAACCGTATTTATGCCATTAATACTGATATACTAGAGTATGGATGCAGCAGGCGGAATGTGTAGTGTAGCGGTGAAATGCATAGATATTACACAGAACACCGATTGCGAA
ASV_40	Bacteria	Bacteroidota	Bacteroidia	Bacteroidales	Rikenellaceae	Alistipes	NA	ASV_40	AGGATGACGGCTCTATGAGTTGTAAACTGCTTTTGTATGAGGGTAATATCACTTACGTGTAGGTGTTTGAAAGTATCATACGAATAAGGATCGGCTAACTCCGTGCCAGCAGCCGCGGTAATACGGAGGATTCAAGCGTTATCCGGATTTATTGGGTTTAAAGGGTGCGTAGGCGGTTTTATAAGTTAGAGGTGAAATATCGGGGCTCAACCCCGAAACTGCCTCTAATACTGTAGAACTAGAGAGTAGTTGCGGTAGGCGGAATGTATAGTGTAGCGGTGAAATGCTTAGAGATTATACAGAACACCGATTGCGAA
ASV_41	Bacteria	Bacteroidota	Bacteroidia	Bacteroidales	Rikenellaceae	Alistipes	NA	ASV_41	AGGATGACGGCTCTATGAGTTGTAAACTGCTTTTGTATGAGGGTAAAAGCAGATACGTGTATCTGTCTGAAAGTATCATACGAATAAGGATCGGCTAACTCCGTGCCAGCAGCCGCGGTAATACGGAGGATTCAAGCGTTATCCGGATTTATTGGGTTTAAAGGGTGCGTAGGCGGTTTGATAAGTTAGAGGTGAAATGTCGGGGCTCAACCCCGAAACTGCCTCTAATACTGTTAGACTAGAGAGTAGTTGCTGTGGGCGGAATGTATGGTGTAGCGGTGAAATGCTTAGAGATCATACAGAACACCGATTGCGAA
ASV_42	Bacteria	Bacteroidota	Bacteroidia	Bacteroidales	Rikenellaceae	Rikenella	NA	ASV_42	AGGATGACGGCTCTATGAGTTGTAAACTGCTTTTGTATTAGGGTAATAGCATCTACGTGTAGGTGTTTGAAAGTATAATACGAATAAGGATCGGCTAACTCCGTGCCAGCAGCCGCGGTAATACGGAGGATTCAAGCGTTATCCGGATTTATTGGGTTTAAAGGGTGCGTAGGTGGTTTTATAAGTTAGTCGTTAAATCGCGGGGCTCAACCTCGCAATGGCGATTGATACTGTAGAACTAGAGAGCAGTTGCGGTAGGCGGAATGAGTAGTGTAGCGGTGAAATGCTTAGATATTACTCAGAACACCGATTGCGAA
ASV_43	Bacteria	Bacteroidota	Bacteroidia	Bacteroidales	Rikenellaceae	Alistipes	NA	ASV_43	AGGATGACGGCTCTATGAGTTGTAAACTGCTTTTGTATGAGGGTAAACCAGGGTACGTGTACTCTGCTGAAAGTATCATACGAATAAGGATCGGCTAACTCCGTGCCAGCAGCCGCGGTAATACGGAGGATTCAAGCGTTATCCGGATTTATTGGGTTTAAAGGGTGCGTAGGCGGTTTGATAAGTTAGAGGTGAAATCTCGGAGCTCAACTCCGAAACTGCCTCTAATACTGTCGAGCTAGAGAGTAGTTGCTGTGGGCGGAATGTATGGTGTAGCGGTGAAATGCTTAGAGATCATACAGAACACCGATTGCGAA
ASV_44	Bacteria	Bacteroidota	Bacteroidia	Bacteroidales	Rikenellaceae	Alistipes	NA	ASV_44	AGGATGACGGCTCTATGAGTTGTAAACTGCTTTTGTATGAGGGTAAATGCATCTACGTGTAGGTGTTTGAAAGTATCATACGAATAAGGATCGGCTAACTCCGTGCCAGCAGCCGCGGTAATACGGAGGATCCAAGCGTTATCCGGATTTATTGGGTTTAAAGGGTGCGTAGGCGGTTTGATAAGTTAGAGGTGAAATGTCGGGGCTCAACCCCGAAACTGCCTCTAATACTGTTGAACTAGAGAGTAGTTGCGGTAGGCGGAATGTATGGTGTAGCGGTGAAATGCTTAGATATCATACAGAACACCGATTGCGAA
ASV_45	Bacteria	Bacteroidota	Bacteroidia	Bacteroidales	Rikenellaceae	Rikenella	NA	ASV_45	AGGATGACGGCTCTATGAGTTGTAAACTGCTTTTGTGCGAGGGTAATAGCAGCTACGTGTAGTTGTTTGAAAGTATCGTACGAATAAGGATCGGCTAACTCCGTGCCAGCAGCCGCGGTAATACGGAGGATTCAAGCGTTATCCGGATTTATTGGGTTTAAAGGGTGCGTAGGTGGTTTTATAAGTTAGTCGTTAAATCGCGGGGCTCAACCTCGCAATGGCGATTAATACTGTAGAACTAGAGAGCAGTTGCGGTAGGCGGAATGAGTAGTGTAGCGGTGAAATGCTTAGATATTACTCAGAACACCGATTGCGAA
ASV_46	Bacteria	Bacteroidota	Bacteroidia	Bacteroidales	Rikenellaceae	Alistipes	NA	ASV_46	AGGAAGACGGCTCTATGAGTTGTAAACTGCTTTTGTACGAGGGTAAAAACAGATACGCGTATCTGGTTGAAAGTATCGTATGAATAAGGGTCGGCTAACTCCGTGCCAGCAGCCGCGGTAATACGGAGGACCCGAGCGTTATCCGGATTTATTGGGTTTAAAGGGTGCGTAGGCGGTTTGATAAGTTAGAGGTGAAATTTAGTGGCTTAACCACTAAACTGCCTCTAATACTGTTGAACTAGAGTGTAGATGCTGAGGGCGGAATGTGTAGTGTAGCGGTGAAATGCTTAGATATTACACAGAACACCGATTGCGAA
ASV_47	Bacteria	Bacteroidota	Bacteroidia	Bacteroidales	Rikenellaceae	Alistipes	NA	ASV_47	AGGATGACGGCTCTATGAGTTGTAAACTGCTTTTGTATAGGGGTAAAAACAGATACGTGTATCTGCTTGAAAGTACTATACGAATAAGGATCGGCTAACTCCGTGCCAGCAGCCGCGGTAATACGGAGGATCCAAGCGTTATCCGGATTTATTGGGTTTAAAGGGTGCGTAGGCGGTTTGATAAGTTAGAGGTGAAATGTCGGGGCTCAACCCCGAAACTGCCTCTAATACTGTTAGACTAGAGATTAGTTGCTGTGGGCGGAATGTATGGTGTAGCGGTGAAATGCTTAGAGATCATACAGAACACCGATTGCGAA
ASV_48	Bacteria	Bacteroidota	Bacteroidia	Bacteroidales	Rikenellaceae	Alistipes	NA	ASV_48	AGGATGACGGCTCTATGAGTTGTAAACTGCTTTTGTACGAGGGTAAACTTAGATACGTGTATTTAACTGAAAGTATCGTACGAATAAGGATCGGCTAACTCCGTGCCAGCAGCCGCGGTAATACGGAGGATTCAAGCGTTATCCGGATTTATTGGGTTTAAAGGGTGCGTAGGCGGTTTGATAAGTTAAAGGTGAAATACCGGGGCTCAACCTCGGAACTGCCTCTAATACTGTTGAACTAGAGAATAGTTGCTGTTGGCGGAATGTGTAGTGTAGCGGTGAAATGCTTAGATATTACACAGAACACCGATTGCGAA
ASV_49	Bacteria	Bacteroidota	Bacteroidia	Bacteroidales	Rikenellaceae	Alistipes	NA	ASV_49	AGGATGACGGCTCTATGAGTTGTAAACTGCTTTTGTATGAGGGTAAACCCAGATACGTGTATCTGGTTGAAAGTATCATACGAATAAGGATCGGCTAACTCCGTGCCAGCAGCCGCGGTAATACGGAGGATTCAAGCGTTATCCGGATTTATTGGGTTTAAAGGGTGCGTAGGCGGTTTGATAAGTTAGAGGTGAAATCTCGGAGCTCAACTCCGAAACTGCCTCTAATACTGTCAAGCTAGAGAGTAGTTGCTGTGGGCGGAATGTATGGTGTAGCGGTGAAATGCTTAGAGATCATACAGAACACCGATTGCGAA
ASV_50	Bacteria	Bacteroidota	Bacteroidia	Bacteroidales	Rikenellaceae	Rikenella	NA	ASV_50	AGGATGACGGCTCTATGAGTTGTAAACTGCTTTTGTACGAGAATAATATCATCTACGTGTAGATGTTTGAATGTATCGTACGAATAAGGATCGGCTAACTCCGTGCCAGCAGCCGCGGTAATACGGAGGATTCAAGCGTTATCCGGATTTATTGGGTTTAAAGGGTGCGTAGGTGGTTTTATAAGTTAGTCGTTAAATCGTGGAGCTCAACTTCACAATGGCGATTGATACTGTCAGACTAGAGAGCAGTTGCGGTAGGCGGAATGAGTAGTGTAGCGGTGAAATGCTTAGATATTACTCAGAACACCGATTGCGAA
ASV_51	Bacteria	Bacteroidota	Bacteroidia	Bacteroidales	Rikenellaceae	Rikenella	NA	ASV_51	AGGATGACGGCTCTATGAGTTGTAAACTGCTTTTGTAAGAGGGTAATTGACAGTACGCGTACTGTTTTGAAAGTATCTTACGAATAAGGATCGGCTAACTCCGTGCCAGCAGCCGCGGTAATACGGAGGATCCGAGCGTTATCCGGATTTATTGGGTTTAAAGGGTGCGTAGGTGGTTTCATAAGTCAGTGGTTAAAGACGATAGCTCAACTATCGAAGTGCCATTGAAACTGTAGAACTAGAGAGTGGTTGCAGCAGGCGGAATGTGTAGTGTAGCGGTGAAATGCTTAGATATTACACAGAACACCGATTGCGAA
ASV_52	Bacteria	Bacteroidota	Bacteroidia	Bacteroidales	Rikenellaceae	Alistipes	NA	ASV_52	AGGATGACGGCTCTATGAGTTGTAAACTGCTTTTGTACGAGGGTAAACTTAGGTACGTGTACCTAACTGAAAGTATCGTACGAATAAGGATCGGCTAACTCCGTGCCAGCAGCCGCGGTAATACGGAGGATTCAAGCGTTATCCGGATTTATTGGGTTTAAAGGGTGCGTAGGCGGTTTGATAAGTTAAAGGTGAAATACCGGGGCTCAACCTCGGAACTGCCTCTAATACTGTTGAACTAGAGAATAGTTGCTGTTGGCGGAATGTGTAGTGTAGCGGTGAAATGCTTAGATATTACACAGAACACCGATTGCGAA
ASV_53	Bacteria	Bacteroidota	Bacteroidia	Bacteroidales	Rikenellaceae	Alistipes	NA	ASV_53	AGGATGACGGCTCTATGAGTTGTAAACTGCTTTTGTATGAGGGTAAAACGTGGTACGTGTACCATTTTGAAAGTATCATACGAATAAGGATCGGCTAACTCCGTGCCAGCAGCCGCGGTAATACGGAGGATTCAAGCGTTATCCGGATTTATTGGGTTTAAAGGGTGCGTAGGCGGTTTGATAAGTTAGAGGTGAAATGTCGGGGCTCAACCCCGAAACTGCCTCTAATACTGTTGAACTAGAGAGTAGTTGCTGTGGGCGGAATGTATGGTGTAGCGGTGAAATGCTTAGATATCATACAGAACACCGATTGCGAA
ASV_54	Bacteria	Bacteroidota	Bacteroidia	Bacteroidales	Rikenellaceae	Alistipes	NA	ASV_54	AGGAAGACGGCTCTATGAGTTGTAAACTGCTTTTGTACGAGGGTAATGTCAGATACGTGTATCTGTTTGAAAGTATCGTACGAATAAGGGTCGGCTAACTCCGTGCCAGCAGCCGCGGTAATACGGAGGACCCGAGCGTTATCCGGATTTATTGGGTTTAAAGGGTGCGTAGGCGGTTTGATAAGTTAGAGGTGAAATTTAGTGGCTTAACCACTAGACTGCCTCTAATACTGTTAGACTAGAGTGTAGATGCTGAGGGCGGAATGTGTAGTGTAGCGGTGAAATGCTTAGATATTACACAGAACACCGATTGCGAA
ASV_55	Bacteria	Bacteroidota	Bacteroidia	Bacteroidales	Rikenellaceae	Alistipes	NA	ASV_55	AGGAAGACGGCTCTATGAGTTGTAAACTGCTTTTGTACGAGGGTAAAATTGGGTACGTGTACCCAACTGAAAGTATCGTACGAATAAGGATCGGCTAACTCCGTGCCAGCAGCCGCGGTAATACGGAGGATTCAAGCGTTATCCGGATTTATTGGGTTTAAAGGGTGCGTAGGCGGTTAGATAAGTTAGAGGTGAAATCTTGGGGCTCAACCCCTAAACTGCCTCTAATACTGTTTGACTAGAGATTAGTTGCTGTGGGCGGAATGTATGGTGTAGCGGTGAAATGCTTAGAGATCATACAGAACACCGATTGCGAA
ASV_56	Bacteria	Bacteroidota	Bacteroidia	Bacteroidales	Rikenellaceae	Alistipes	NA	ASV_56	AGGATGACGGCTCTATGAGTTGTAAACTGCTTTTGTATAGGGGTAAAACTATCCACGTGTGGATAATTGCAAGTACTATACGAATAAGGATCGGCTAACTCCGTGCCAGCAGCCGCGGTAATACGGAGGATTCGAGCGTTATCCGGATTTATTGGGTTTAAAGGGTGCGTAGGCGGTTTTATAAGTTAGAGGTTAAATGTCGGGGCTCAACCCCGTGCCTGCCTCTAATACTGTATAACTTGAGAGTAGTTGCGGTAGGCGGAATGAGTAGTGTAGCGGTGAAATGCTTAGATATTACTCAGAACACCGATTGCGAA
ASV_57	Bacteria	Bacteroidota	Bacteroidia	Bacteroidales	Rikenellaceae	Rikenella	NA	ASV_57	AGGATGACGGCTCTATGAGTTGTAAACTGCTTTTGTAAGAGGGTAAAATTAGGTACGTGTACCTAACTGCAAGTATCTTACGAATAAGGATCGGCTAACTCCGTGCCAGCAGCCGCGGTAATACGGAGGATCCAAGCGTTATCCGGATTTATTGGGTTTAAAGGGTGCGTAGGTGGCATTATAAGTCAGTGGTTAAATACGATAGCTCAACTATCGACATGCCATTGAAACTGTAGCGCTAGAGAGTGGTTGCAGCAGGCGGAATGTGTAGTGTAGCGGTGAAATGCTTAGATATTACACAGAACACCGATTGCGAA
ASV_58	Bacteria	Bacteroidota	Bacteroidia	Flavobacteriales	Flavobacteriaceae	Gillisia	limnaea	ASV_58	AGGAAGACGGCCCTATGGGTTGTAAACTGCTTTTACAGAGGAAGAAACACCCCCTCGTGAGGGGGCTTGACGGTACTCTGCGAATAAGGATCGGCTAACTCCGTGCCAGCAGCCGCGGTAATACGGAGGATCCAAGCGTTATCCGGAATCATTGGGTTTAAAGGGTCCGTAGGCGGGACAATCAGTCAGCGGTGAAAGTCTGTGGCTCAACCATAGAATTGCCATTGATACTGTTGTTCTTGAATACTTATGAAGTGGTTGGAATATGTAGTGTAGCGGTGAAATGCATAGATATTACATAGAACACCGATTGCGAA
ASV_59	Bacteria	Bacteroidota	Bacteroidia	Bacteroidales	Rikenellaceae	Rikenella	NA	ASV_59	AGGATGACGGCTCTACGAGTTGTAAACTGCTTTTGTAAGAGGGTAAAACCAGGTACGCGTACCTGCTTGCAAGTATCTTACGAATAAGGATCGGCTAACTCCGTGCCAGCAGCCGCGGTAATACGGAGGATCCAAGCGTTATCCGGATTTATTGGGTTTAAAGGGTGCGTAGGTTGTATCATAAGTCGGTGGTGAAAACGGAAAGCTCAACTTTCCGCGTGCCACCGAAACTATGAAACTAGAGTACGGATGAAGATGGCGGAATGTGTAGTGTAGCGGTGAAATGCTTAGATATTACACAGAACACCGATTGCGAA
ASV_60	Bacteria	Bacteroidota	Bacteroidia	Bacteroidales	Paludibacteraceae	NA	NA	ASV_60	AGGAAGACTGCCCTATGGGTTGTAAACTTCTTTTGTGTAGGAATAAAAATAGGGACGTGTCCCTTCTTGTATGTACTGCACGAATAAGGATCGGCTAACTCCGTGCCAGCAGCCGCGGTAATACGGAGGATTCGAGCGTTATCCGGATTTATTGGGTTTAAAGGGTGCGTAGGCGGGATGTTAAGTCAGTGGTGAAATATTGCAGCTCAACTGTAATACTGCCGTTGAAACTGGTATCCTTGAGTGTAAATGAGGTATGCGGAATGTGTTGTGTAGCGGTGAAATGCTTAGATATAACACAGAACACCGATTGCGAA
ASV_61	Bacteria	Bacteroidota	Bacteroidia	Bacteroidales	Rikenellaceae	Alistipes	NA	ASV_61	AGGATGACGGCTCTATGAGTTGTAAACTGCTTTTGTATAGGGGTAAACACAGATACGTGTATCTGCTTGAAAGTACTATACGAATAAGGATCGGCTAACTCCGTGCCAGCAGCCGCGGTAATACGGAGGATCCAAGCGTTATCCGGATTTATTGGGTTTAAAGGGTGCGTAGGCGGTTTGATAAGTTAGAGGTGAAATGTCGGGGCTCAACCCCGAAACTGCCTCTAATACTGTTAGACTAGAGATTAGTTGCTGTGGGCGGAATGTATGGTGTAGCGGTGAAATGCTTAGAGATCATACAGAACACCGATTGCGAA
ASV_62	Bacteria	Bacteroidota	Bacteroidia	Bacteroidales	NA	NA	NA	ASV_62	AGGATGACAGCCCTTTGGGTTGTAAACTTCTTTTAGTTGAGAGTAAAAAGCACTACGAGTAGTGCCTTGCAAGTATCAACAGAATAAGCATCGGCTAATTCCGTGCCAGCAGCCGCGGTAATACGGAAGATGCGAGCGTTATCCGGATTTATTGGGTTTAAAGGGTGCGTAGGCGGACGTTTAAGTCAGTGGTGAAATCTTTCGGCTCAACCGAGAAACTGCCATTGAAACTGAATGTCTTGAGTATAACAGAGGTATGCGGAATGCGTTGTGTAGCGGTGAAATGCATAGATATAACGCAGAACTCCAATTGCGAA
ASV_63	Bacteria	Bacteroidota	Bacteroidia	Bacteroidales	Rikenellaceae	Alistipes	NA	ASV_63	AGGATGACGGCTCTATGAGTTGTAAACTGCTTTTGTATGAGGGTAAACCAGAGTACGAGTACTCTGCTGAAAGTATCATACGAATAAGGATCGGCTAACTCCGTGCCAGCAGCCGCGGTAATACGGAGGATTCAAGCGTTATCCGGATTTATTGGGTTTAAAGGGTGCGTAGGCGGTTTGATAAGTTAGAGGTGAAATCTCGGGGCTCAACTCCGAAACTGCCTCTAATACTGTCGAGCTAGAGATTAGTTGCTGTGGGCGGAATGTATGGTGTAGCGGTGAAATGCTTAGAGATCATACAGAACACCGATTGCGAA
ASV_64	Bacteria	Bacteroidota	Bacteroidia	Bacteroidales	Rikenellaceae	Alistipes	NA	ASV_64	AGGATGACGGCTCTATGAGTTGTAAACTGCTTTTGTACGAGGGTAAAATGTGGTACGTGTACCACATTGAAAGTACCGTACGAATAAGGATCGGCTAACTCCGTGCCAGCAGCCGCGGTAATACGGAGGATTCGAGCGTTATCCGGATTTATTGGGTTTAAAGGGTGCGTAGGCGGTTTGATAAGTTAGAGGTGAAATGTCGGGGCTCAACCCCGAAACTGCCTCTAATACTGTCAGACTAGAGAGTAGTTGCTGTGGGCGGAATGTATGGTGTAGCGGTGAAATGCTTAGATATCATACAGAACACCGATTGCGAA
ASV_65	Bacteria	Bacteroidota	Bacteroidia	Bacteroidales	Rikenellaceae	Rikenella	NA	ASV_65	AGGATGACGGCTCTATGAGTTGTAAACTGCTTTTGTAGAGGGGTAAACTTAGGTACGTGTACCTAACTGCAAGTACTCTACGAATAAGGATCGGCTAACTCCGTGCCAGCAGCCGCGGTAATACGGAGGATCCAAGCGTTATCCGGATTTATTGGGTTTAAAGGGTGCGTAGGTGGCACTGTAAGTCGGGGGTGAAAACGGAACGCTCAACGTTCCGCTTGCCTTCGAAACTATAGCGCTAGAGAGTGGTTGCAGATGGCGGAATGAGTAGTGTAGCGGTGAAATGCTTAGATATTACTCAGAACACCGATTGCGAA
ASV_66	Bacteria	Bacteroidota	Bacteroidia	Bacteroidales	Rikenellaceae	Alistipes	NA	ASV_66	AGGATGACGGCTCTATGAGTTGTAAACTGCTTTTGTACGAGGGTAAAAACAGATACGTGTATCTGGTTGAAAGTATCGTATGAATAAGGGTCGGCTAACTCCGTGCCAGCAGCCGCGGTAATACGGAGGACCCGAGCGTTATCCGGATTTATTGGGTTTAAAGGGTGCGTAGGCGGTTTGATAAGTTAGAGGTGAAATTTAGTGGCTTAACCACTAAACTGCCTCTAATACTGTTGAACTAGAGTGTAGATGCTGAGGGCGGAATGTGTAGTGTAGCGGTGAAATGCTTAGATATTACACAGAACACCGATTGCGAA
ASV_67	Bacteria	Bacteroidota	Bacteroidia	Bacteroidales	Rikenellaceae	Alistipes	NA	ASV_67	AGGAAGACGGCTCTATGAGTTGTAAACTGCTTTTGTATAGGGGTAAAATTAGGTACGTGTACCTATCTGAAAGTACTATACGAATAAGGATCGGCTAACTCCGTGCCAGCAGCCGCGGTAATACGGAGGATTCAAGCGTTATCCGGATTTATTGGGTTTAAAGGGTGCGTAGGCGGTTTGATAAGTTAGAGGTTAAATGTCGGGGCTCAACCCCGTGCCTGCCTCTAATACTGTTAGACTAGAGAGTAGTTGCTGTGGGCGGAATGTATGGTGTAGCGGTGAAATGCTTAGAGATCATACAGAACACCGATTGCGAA
ASV_68	Bacteria	Bacteroidota	Bacteroidia	Bacteroidales	Rikenellaceae	Alistipes	NA	ASV_68	AGGAAGACGGCTCTATGAGTTGTAAACTGCTTTTGTATGAGGGTAAATGTAGGTACGTGTACCTATTTGAAAGTATCATACGAATAAGGATCGGCTAACTCCGTGCCAGCAGCCGCGGTAATACGGAGGATTCAAGCGTTATCCGGATTTATTGGGTTTAAAGGGTGCGTAGGCGGCCTTATAAGTTAGAGGTGAAATCTCGGAGCTCAACTCCGAAACAGCCTCTAATACTGTAGGGCTAGAGAGTAGTTGCTGTGGGCGGAATGTATGGTGTAGCGGTGAAATGCATAGAGATCATACAGAACACCGATTGCGAA
ASV_69	Bacteria	Bacteroidota	Bacteroidia	Bacteroidales	Rikenellaceae	Alistipes	NA	ASV_69	AGGAAGACGGCTCTATGAGTTGTAAACTGCTTTTGTATGAGGGTAAAGTGCGGTACGCGTACTGCTTTGAAAGTATCATACGAATAAGGATCGGCTAACTCCGTGCCAGCAGCCGCGGTAATACGGAGGATCCAAGCGTTATCCGGATTTATTGGGTTTAAAGGGTGCGTAGGCGGTTAGATAAGTTAGAGGTGAAATCTCGGGGCTCAACCCTGAAACTGCCTCTAATACTGTTTAACTAGAGAGTAGTTGCTGTGGGCGGAATGTATGGTGTAGCGGTGAAATGCTTAGATATCATACAGAACACCGATTGCGAA
ASV_70	Bacteria	Bacteroidota	Bacteroidia	Bacteroidales	Muribaculaceae	NA	NA	ASV_70	GGGAAGACTGTCCTATGGATTGTAAACCTCTTTTGTCAGGGAGCACATGCCAGTACGTGTACTGGAGCAGAGAGTACCTGAAGAAAAAGCATCGGCTAACTCCGTGCCAGCAGCCGCGGTAATACGGAGGATGCGAGCGTTATCCGGATTTATTGGGTTTAAAGGGTGCGTAGGTGGTGGCATAAGTCAGCGGTAAAATTTCTGGGCTCAACCCAGTCTAGCCGTTGAAACTGTATCACTAGAGTTAGATTGAAGTAAACGGAATGCGTTGTGTAGCGGTGAAATGCATAGATATAACGCAGAACTCCAATTGCGAA
ASV_71	Bacteria	Bacteroidota	Bacteroidia	Bacteroidales	Rikenellaceae	Alistipes	NA	ASV_71	AGGATGACGGCTCTATGAGTTGTAAACTGCTTTTGTATGAGGGTAAACCAGAGTACGTGTACTCTGCTGAAAGTATCATACGAATAAGGATCGGCTAACTCCGTGCCAGCAGCCGCGGTAATACGGAGGATTCAAGCGTTATCCGGATTTATTGGGTTTAAAGGGTGCGTAGGCGGTTTTATAAGTTAGAGGTGAAATCTCGGAGCTCAACTCCGAAACTGCCTCTAATACTGTAGAACTAGAGAGTAGTTGCTGTGGGCGGAATGTATGGTGTAGCGGTGAAATGCTTAGAGATCATACAGAACACCGATTGCGAA
ASV_72	Bacteria	Bacteroidota	Bacteroidia	Bacteroidales	Rikenellaceae	Rikenella	NA	ASV_72	AGGATGACGGCTCTATGAGTTGTAAACTGCTTTTGTAGAGGGGTAAAATTAGGTACGTGTACCTAACTGCAAGTACTCTACGAATAAGGATCGGCTAACTCCGTGCCAGCAGCCGCGGTAATACGGAGGATCCAAGCGTTATCCGGATTTATTGGGTTTAAAGGGTGCGTAGGTGGCTGCATAAGTCGGAGGTGAAAACGGAATGCTCAACATTCCGCCTGCCTTCGAAACTGTGTAGCTAGAGAGTGGTTGCAGATGGCGGAATGAGTAGTGTAGCGGTGAAATGCTTAGATATTACTCAGAACACCGATTGCGAA
ASV_73	Bacteria	Bacteroidota	Bacteroidia	Bacteroidales	Rikenellaceae	Rikenella	NA	ASV_73	AGGATGACGGCTCTATGAGTTGTAAACTGCTTTTGTATAGGGGTAAAGGACAGTACGTGTACTGTTTTGCAAGTACTATACGAATAAGGATCGGCTAACTCCGTGCCAGCAGCCGCGGTAATACGGAGGATTCGAGCGTTATCCGGATTTATTGGGTTTAAAGGGTGCGTAGGCGGTTTTATAAGTTAGAGGTTAAATGTCGGGGCTCAACCCCGTGCCTGCCTCTAATACTGTATAACTTGAGAGTAGTTGCGGTAGGCGGAATGAGTAGTGTAGCGGTGAAATGCTTAGATATTACTCAGAACACCGATTGCGAA
ASV_74	Bacteria	Bacteroidota	Bacteroidia	Bacteroidales	Rikenellaceae	Rikenella	NA	ASV_74	AGGATTAAGGCTCTATGAGTTGTAAACTGCTTTTGTAAGGGGGTAAAAGAGATTACGTGTAATCTATTGAAAGTACCTTACGAATAAGGATCGGCTAACTCCGTGCCAGCAGCCGCGGTAATACGGAGGATCCAAGCGTTATCCGGATTTATTGGGTTTAAAGGGTGCGTAGGTTGTATGATAAGTTAGCGGTGAAATACCGTAGCTCAACTATGGGGCTGCCGCTAATACTGTCAAACTAGAGATTGGTTGCAGCAGGCGGAATGTGTAGTGTAGCGGTGAAATGCTTAGATATTACACAGAACACCGATTGCGAA
ASV_75	Bacteria	Bacteroidota	Bacteroidia	Bacteroidales	Rikenellaceae	Alistipes	NA	ASV_75	AGGAAGACGGCTCTATGAGTTGTAAACTGCTTTTGTATGAGGGTAAAGTCAGGTACGTGTACCTGTTTGAAAGTATCATACGAATAAGGATCGGCTAACTCCGTGCCAGCAGCCGCGGTAATACGGAGGATCCAAGCGTTATCCGGATTTATTGGGTTTAAAGGGTGCGTAGGCGGTTAGATAAGTTAGAGGTGAAATCTCGGGGCTCAACCCTGAAACTGCCTCTAATACTGTTTAACTAGAGAGTAGTTGCTGTGGGCGGAATGTATGGTGTAGCGGTGAAATGCTTAGATATCATACAGAACACCGATTGCGAA
ASV_76	Bacteria	Bacteroidota	Bacteroidia	Bacteroidales	Rikenellaceae	Alistipes	NA	ASV_76	AGGATGACGGCTCTATGAGTTGTAAACTGCTTTTGTATAGGGGTAAAATTGGGTACGTGTACCCAACTGAAAGTACTATACGAATAAGGATCGGCTAACTCCGTGCCAGCAGCCGCGGTAATACGGAGGATCCAAGCGTTATCCGGATTTATTGGGTTTAAAGGGTGCGTAGGCGGTTTGATAAGTTAGAGGTTAAATGTCGGGGCTCAACCCCGTGCCTGCCTCTAATACTGTTAGACTAGATAGTAGTTGCTGTGGGCGGAATGTATGGTGTAGCGGTGAAATGCTTAGAGATCATACAGAACACCGATTGCGAA
ASV_77	Bacteria	Bacteroidota	Bacteroidia	Bacteroidales	Rikenellaceae	Alistipes	NA	ASV_77	AGGATGACGGCTCTATGAGTTGTAAACTGCTTTTGTATGAGGGTAAATGTCGGTACGTGTACTGATTTGAAAGTATCATACGAATAAGGATCGGCTAACTCCGTGCCAGCAGCCGCGGTAATACGGAGGATCCAAGCGTTATCCGGATTTATTGGGTTTAAAGGGTGCGTAGGCGGTTTGATAAGTTAGAGGTGAAATGTCGGGGCTCAACCCCGAAACTGCCTCTAATACTGTTAGACTAGATAGTAGTTGCTGTGGGCGGAATGTATGGTGTAGCGGTGAAATGCTTAGATATCATACAGAACACCGATTGCGAA
ASV_78	Bacteria	Bacteroidota	Bacteroidia	Bacteroidales	Rikenellaceae	Alistipes	NA	ASV_78	AGGATGACGGCTCTATGAGTTGTAAACTGCTTTTGTATGAGGGTAAAACTCAGTACGTGTACTGAATTGAAAGTATCATACGAATAAGGATCGGCTAACTCCGTGCCAGCAGCCGCGGTAATACGGAGGATTCGAGCGTTATCCGGATTTATTGGGTTTAAAGGGTGCGTAGGCGGTTTGATAAGTTAGAGGTGAAATGTCGGGGCTCAACCCCGAAACTGCCTCTAATACTGTTAGACTAGAGATTAGTTGCTGTGGGCGGAATGTATGGTGTAGCGGTGAAATGCTTAGAGATCATACAGAACACCGATTGCGAA
ASV_79	Bacteria	Bacteroidota	Bacteroidia	Bacteroidales	Rikenellaceae	Alistipes	NA	ASV_79	AGGATGACGGCTCTATGAGTTGTAAACTGCTTTTGTATGAGGGTAAAAACGGGTACGTGTACCTGCTTGAAAGTATCATACGAATAAGGATCGGCTAACTCCGTGCCAGCAGCCGCGGTAATACGGAGGATTCAAGCGTTATCCGGATTTATTGGGTTTAAAGGGTGCGTAGGCGGTTAGATAAGTTAGAGGTGAAATCTCGGGGCTCAACCCTGAAACTGCCTCTAATACTGTTTAACTAGAGAGTAGTTGCTGTGGGCGGAATGTATGGTGTAGCGGTGAAATGCTTAGATATCATACAGAACACCGATTGCGAA
ASV_80	Bacteria	Bacteroidota	Bacteroidia	Bacteroidales	Rikenellaceae	Alistipes	NA	ASV_80	AGGATGACGGCTCTATGAGTTGTAAACTGCTTTTGTATGAGGGTAAACTCAGGTACGTGTACCTGATTGAAAGTATCATACGAATAAGGATCGGCTAACTCCGTGCCAGCAGCCGCGGTAATACGGAGGATTCAAGCGTTATCCGGATTTATTGGGTTTAAAGGGTGCGTAGGCGGTTTGATAAGTTAGAGGTGAAATCTCGGAGCTCAACTCCGAAACTGCCTCTAATACTGTCGAACTTGAGAGTAGTTGCTGTGGGCGGAATGTATGGTGTAGCGGTGAAATGCTTAGAGATCATACAGAACACCGATTGCGAA
ASV_81	Bacteria	Bacteroidota	Bacteroidia	Bacteroidales	Rikenellaceae	Rikenella	NA	ASV_81	AGGATGACGGCTCTACGAGTTGTAAACTGCTTTTGTAAGAGGGTAAAACCAGGTACGCGTACCTGCTTGCAAGTATCTTACGAATAAGGATCGGCTAACTCCGTGCCAGCAGCCGCGGTAATACGGAGGATCCAAGCGTTATCCGGATTTATTGGGTTTAAAGGGTGCGTAGGTTGTACCATAAGTCGGTGGTGAAAACGGAAAGCTCAACTTTCCGCGTGCCACCGAAACTATGGCACTAGAGTACGGATGAAGATGGCGGAATGTGTAGTGTAGCGGTGAAATGCTTAGATATTACACAGAACACCGATTGCGAA
ASV_82	Bacteria	Bacteroidota	Bacteroidia	Bacteroidales	Rikenellaceae	Alistipes	NA	ASV_82	AGGAAGACGGCTCTATGAGTTGTAAACTGCTTTTGTACGAGGGTAATGTCAGATACGTGTATCTGTTTGAAAGTATCGTACGAATAAGGGTCGGCTAACTCCGTGCCAGCAGCCGCGGTAATACGGAGGACCCGAGCGTTATCCGGATTTATTGGGTTTAAAGGGTGCGTAGGCGGTTTGATAAGTTAGAGGTGAAATTTAGTGGCTTAACCACTAGACTGCCTCTAATACTGTCAGACTAGAGTGTAGATGCTGAGGGCGGAATGTGTAGTGTAGCGGTGAAATGCTTAGATATTACACAGAACACCGATTGCGAA
ASV_83	Bacteria	Bacteroidota	Bacteroidia	Bacteroidales	Rikenellaceae	Alistipes	NA	ASV_83	AGGATGACGGCTCTATGAGTTGTAAACTGCTTTTGTATGAGGGTAAACCTGGGTACGTGTACCCAGCTGAAAGTATCATACGAATAAGGATCGGCTAACTCCGTGCCAGCAGCCGCGGTAATACGGAGGATTCAAGCGTTATCCGGATTTATTGGGTTTAAAGGGTGCGTAGGCGGTTTGATAAGTTAGAGGTGAAATCTCGGAGCTCAACTCCGAAACTGCCTCTAATACTGTCAAGCTAGAGAGTAGTTGCTGTGGGCGGAATGTATGGTGTAGCGGTGAAATGCTTAGAGATCATACAGAACACCGATTGCGAA
ASV_84	Bacteria	Bacteroidota	Bacteroidia	Bacteroidales	Rikenellaceae	Alistipes	NA	ASV_84	AGGATGACGGCTCTATGAGTTGTAAACTGCTTTTGTATGAGGGTAAACCCAGGTACGTGTACCTGGTTGAAAGTATCATACGAATAAGGATCGGCTAACTCCGTGCCAGCAGCCGCGGTAATACGGAGGATTCAAGCGTTATCCGGATTTATTGGGTTTAAAGGGTGCGTAGGCGGTTTGATAAGTTAGAGGTGAAATCTCGGAGCTCAACTCCGAAACTGCCTCTAATACTGTCGAACTAGAGATTAGTTGCTGTGGGCGGAATGTATGGTGTAGCGGTGAAATGCTTAGAGATCATACAGAACACCGATTGCGAA
ASV_85	Bacteria	Verrucomicrobiota	Verrucomicrobiae	Opitutales	Puniceicoccaceae	Lentimonas	NA	ASV_85	GGGATGAAGGCCTTCGGGTCGTAAACCTCTGTCATCAAGGAGCAACAAGCAGGTTCATAGCCTGCCTTGAGTTAACTTGAAGAGGAAGCAGTGGCTAACTCCGTGCCAGCAGCCGCGGTAATACGGAGACTGCAAGCGTTACTCGGATTCACTGGGCGTAAAGGGTGCGTAGGCGGATAGGTGTGTTAGGTGTGAAATCTCGGGGCTCAACCTCGAAACTGCGCCTAAAACTGCCTATCTAGAGTATTGGAGAGGTAAGCGGAATTTCTGGTGTAGCGGTGAAATGCGTAGATATCAGAAGGAACACCAATGGCGAA
ASV_86	Bacteria	Bacteroidota	Bacteroidia	Bacteroidales	Rikenellaceae	dgA-11 gut group	NA	ASV_86	AGGATGACTGCCCTATGGGTTGTAAACTTCTTTTGTATGGGAGCAATAAGCTCTACGAGTAGAGTGATGAGAGTACCATACGAATAAGCACCGGCTAACTCCGTGCCAGCAGCCGCGGTAATACGGAGGGTGCAAGCGTTATCCGGATTTATTGGGTTTAAAGGGTGCGTAGGCTGTTAGATAAGTCAGTGGTGAAATACCTGAGCTCAACTTAGGGGCTGCCATTGATACTGTCTAGCTGGAATATGGTTGCTGTTGGCGGAATGTGTAGTGTAGCGGTGAAATGCATAGATATTACACAGAACACCGATTGCGAA
ASV_87	Bacteria	Bacteroidota	Bacteroidia	Bacteroidales	Rikenellaceae	Alistipes	NA	ASV_87	AGGATGACGGCTCTATGAGTTGTAAACTGCTTTTGTATGAGGGTAATTGCACCTACGTGTAGGTGTTTGAAAGTATCATACGAATAAGGATCGGCTAACTCCGTGCCAGCAGCCGCGGTAATACGGAGGATTCAAGCGTTATCCGGATTTATTGGGTTTAAAGGGTGCGTAGGCGGTTTAATAAGTTAGAGGTGAAATTTCGGGGCTCAACCCCGACACTGCCTCTAAAACTGTTAAACTAGAGAGTAGTTGCGGTAGGCGGAATGTATGGTGTAGCGGTGAAATGCTTAGATATCATACAGAACACCGATTGCGAA
ASV_88	Bacteria	Bacteroidota	Bacteroidia	Bacteroidales	Rikenellaceae	dgA-11 gut group	NA	ASV_88	AGGATGACTGCCCTATGGGTTGTAAACTTCTTTTGTATGGGAGCAATAAGCTCTACGCGTAGAGTGATGAGAGTACCATACGAATAAGCACCGGCTAACTCCGTGCCAGCAGCCGCGGTAATACGGAGGGTGCAAGCGTTATCCGGATTTATTGGGTTTAAAGGGTGCGTAGGCTGTTAGATAAGTCAGTGGTGAAATACCTGAGCTCAACTTAGGGGCTGCCATTGATACTGTCTAGCTGGAATATGGTTGCTGTTGGCGGAATGTGTAGTGTAGCGGTGAAATGCATAGATATTACACAGAACACCGATTGCGAA
ASV_89	Bacteria	Bacteroidota	Bacteroidia	Bacteroidales	Rikenellaceae	Rikenella	NA	ASV_89	AGGATGACGGCTCTATGAGTTGTAAACTGCTTTTGTACGAGAATAATATCATCTACGTGTAGATGTTTGAATGTATCGTACGAATAAGGATCGGCTAACTCCGTGCCAGCAGCCGCGGTAATACGGAGGATTCAAGCGTTATCCGGATTTATTGGGTTTAAAGGGTGCGTAGGTGGTTTGATAAGTTAGTCGTTAAATCGTGGAGCTCAACTTCACAATGGCGATTGATACTGTCAGACTAGAGAGCAGTTGCGGTAGGCGGAATGAGTAGTGTAGCGGTGAAATGCTTAGATATTACTCAGAACACCGATTGCGAA
ASV_90	Bacteria	Bacteroidota	Bacteroidia	Bacteroidales	Rikenellaceae	Rikenella	NA	ASV_90	AGGATGACGGCTCTATGAGTTGTAAACTGCTTTTGTGCGAGAATAATATCACCTACGTGTAGGTGTTTGAATGTATCGTACGAATAAGGATCGGCTAACTCCGTGCCAGCAGCCGCGGTAATACGGAGGATTCAAGCGTTATCCGGATTTATTGGGTTTAAAGGGTGCGTAGGTGGTTTTATAAGTTAGTCGTTAAATCGTGGAGCTCAACTTCACAATGGCGATTGATACTGTAGAACTAGAGAGCAGTTGCGGTAGGCGGAATGAGTAGTGTAGCGGTGAAATGCTTAGATATTACTCAGAACACCGATTGCGAA
ASV_91	Bacteria	Bacteroidota	Bacteroidia	Bacteroidales	Rikenellaceae	Alistipes	NA	ASV_91	AGGAAGACGGCTCTATGAGTTGTAAACTGCTTTTGTACGAGGGTAAAGTTAGATACGTGTATCTATTTGAAAGTATCGTATGAATAAGGGTCGGCTAACTCCGTGCCAGCAGCCGCGGTAATACGGAGGACCCGAGCGTTATCCGGATTTATTGGGTTTAAAGGGTGCGCAGGCGGTTTGATAAGTTAGAGGTGAAATTTAGTGGCTTAACCACTAAACTGCCTCTAATACTGTTGAACTAGAGTGTAGATGCTGAGGGCGGAATGTGTAGTGTAGCGGTGAAATGCTTAGATATTACACAGAACACCGATTGCGAA
ASV_92	Bacteria	Verrucomicrobiota	Verrucomicrobiae	Opitutales	Puniceicoccaceae	NA	NA	ASV_92	GGGACGAAGGTTTTCGAATTGTAAACCCCTGTCGAATAGGACTAAACGTAAGGTTAGTAGCTTTACCTGAATTAACTATTAGAGGAAGCAGTGGCTAACTCCGTGCCAGCAGCCGCGGTAATACGGAGACTGCGAGCGTTACTCGGATTCACTGGGCGTAAAGGGAGCGCAGGCGGTTGTATGTGTTGATTGTGAAATCTCGGGGCTCAACTCCGAAACTGCAGTCAAAACTATACAACTAGAGTATTGGAGGGGTAAACGGAATTTCTGGTGTAGCGGTGAAATGCGCAGATATCAGAAGGAACACCGAAGGCGAA
ASV_93	Bacteria	Bacteroidota	Bacteroidia	Bacteroidales	Rikenellaceae	Alistipes	NA	ASV_93	AGGATGACGGCTCTATGAGTTGTAAACTGCTTTTGTATAGGGGTAAACACAGATACGCGTATCTGCTTGAAAGTACTATACGAATAAGGATCGGCTAACTCCGTGCCAGCAGCCGCGGTAATACGGAGGATCCAAGCGTTATCCGGATTTATTGGGTTTAAAGGGTGCGTAGGCGGTTTGATAAGTTAGAGGTGAAATGTCGGGGCTCAACCCCGAAACTGCCTCTAATACTGTTAGACTAGAGATTAGTTGCTGTGGGCGGAATGTATGGTGTAGCGGTGAAATGCTTAGAGATCATACAGAACACCGATTGCGAA
ASV_94	Bacteria	Bacteroidota	Bacteroidia	Bacteroidales	Rikenellaceae	Alistipes	NA	ASV_94	AGGATGACGGCTCTATGAGTTGTAAACTGCTTTTGTATAGGGGTAAAATTGGGTACGTGTACCCAACTGAAAGTACTATACGAATAAGGATCGGCTAACTCCGTGCCAGCAGCCGCGGTAATACGGAGGATTCAAGCGTTATCCGGATTTATTGGGTTTAAAGGGTGCGTAGGCGGTTTGATAAGTTAGAGGTTAAATGTCGGGGCTCAACCCCGTGCCTGCCTCTAATACTGTTAGACTAGATAGTAGTTGCTGTGGGCGGAATGTATGGTGTAGCGGTGAAATGCTTAGAGATCATACAGAACACCGATTGCGAA
ASV_95	Bacteria	Bacteroidota	Bacteroidia	Bacteroidales	Rikenellaceae	Rikenella	NA	ASV_95	AGGATGACGGCTCTATGAGTTGTAAACTGCTTTTGTAAAGGGGTAAAGTCAGCTACGTGTAGTTGTTTGCAAGTACTTTACGAATAAGGATCGGCTAACTCCGTGCCAGCAGCCGCGGTAATACGGAGGATTCGAGCGTTATCCGGATTTATTGGGTTTAAAGGGTGCGTAGGTGGTTTTATAAGTCAGTGGTTAAAGATAGAGGCTCAACCTCTGGAGTGCCATTGAAACTGTAAGACTAGAGAGTGGATGCAGCAGGCGGAATGTGTAGTGTAGCGGTGAAATGCATAGATATTACACAGAACACCGATTGCGAA
ASV_96	Bacteria	Bacteroidota	Bacteroidia	Bacteroidales	Rikenellaceae	Rikenella	NA	ASV_96	AGGATGACGGCTCTACGAGTTGTAAACTGCTTTTGTAAGAGGGTAAAACCAGGTACGTGTACCTGCTTGCAAGTATCTTACGAATAAGGATCGGCTAACTCCGTGCCAGCAGCCGCGGTAATACGGAGGATCCAAGCGTTATCCGGATTTATTGGGTTTAAAGGGTGCGTAGGTTGTACCATAAGTCGGTGGTGAAAACGGAAAGCTCAACTTTCCGCGTGCCACCGAAACTATGGCACTAGAGTACGGATGAAGATGGCGGAATGTGTAGTGTAGCGGTGAAATGCTTAGATATTACACAGAACACCGATTGCGAA
ASV_97	Bacteria	Bacteroidota	Bacteroidia	Bacteroidales	Rikenellaceae	Rikenella	NA	ASV_97	AGGATGACGGCTCTACGAGTTGTAAACTGCTTTTGTAAGAGGGTAAAACCAGGTACGTGTACCTGCTTGCAAGTATCTTACGAATAAGGATCGGCTAACTCCGTGCCAGCAGCCGCGGTAATACGGAGGATCCAAGCGTTATCCGGATTTATTGGGTTTAAAGGGTGCGTAGGTTGTATCATAAGTCGGTGGTGAAAACGGAAAGCTCAACTTTCCGCGTGCCACCGAAACTATGAAACTAGAGTACGGATGAAGATGGCGGAATGTGTAGTGTAGCGGTGAAATGCTTAGATATTACACAGAACACCGATTGCGAA
ASV_98	Bacteria	Bacteroidota	Bacteroidia	Bacteroidales	Rikenellaceae	Alistipes	NA	ASV_98	AGGAAGACGGCTCTATGAGTTGTAAACTGCTTTTGTACGAGGGTAAAATTGGGTACGTGTACCCAATTGAAAGTATCGTACGAATAAGGATCGGCTAACTCCGTGCCAGCAGCCGCGGTAATACGGAGGATTCAAGCGTTATCCGGATTTATTGGGTTTAAAGGGTGCGTAGGCGGTTAGATAAGTTAGAGGTGAAATCTTGGGGCTCAACCCCGAAACTGCCTCTAATACTGTTTGACTAGAGATTAGTTGCTGTGGGCGGAATGTATGGTGTAGCGGTGAAATGCTTAGAGATCATACAGAACACCGATTGCGAA
ASV_99	Bacteria	Bacteroidota	Bacteroidia	Bacteroidales	Rikenellaceae	Alistipes	NA	ASV_99	AGGATGACGGCTCTATGAGTTGTAAACTGCTTTTGTATGAGGGTAAAAGCTAGTACGTGTACTAGTTTGAAAGTACCATACGAATAAGGATCGGCTAACTCCGTGCCAGCAGCCGCGGTAATACGGAGGATTCGAGCGTTATCCGGATTTATTGGGTTTAAAGGGTGCGTAGGCGGTTTGATAAGTTAGAGGTTAAATGTCGGGGCTCAACCCCGTGCCTGCCTCTAATACTGTTAAACTAGAGAGTAGTTGCTGTGGGCGGAATGTATGGTGTAGCGGTGAAATGCTTAGATATCATACAGAACACCGATTGCGAA
ASV_100	Bacteria	Bacteroidota	Bacteroidia	Bacteroidales	Rikenellaceae	Alistipes	NA	ASV_100	AGGATGACGGCTCTATGAGTTGTAAACTGCTTTTGTATAGGGGTAAACTTAGGTACGTGTACCTAATTGAAAGTACTATACGAATAAGGATCGGCTAACTCCGTGCCAGCAGCCGCGGTAATACGGAGGATTCAAGCGTTATCCGGATTTATTGGGTTTAAAGGGTGCGTAGGCGGTTTGATAAGTTAGGGGTGAAATACCGAGGCTCAACCTCGGAACTGCCCCTAATACTGTTGAACTAGAGAATAGTTGCTGTTGGCGGAATGTGTAGTGTAGCGGTGAAATGCTTAGATATTACACAGAACACCGATTGCGAA
ASV_101	Bacteria	Bacteroidota	Bacteroidia	Bacteroidales	Rikenellaceae	Alistipes	NA	ASV_101	AGGATGACGGCTCTATGAGTTGTAAACTGCTTTTGTATGAGGGTAAACGCAGATACGTGTATCTGTTTGAAAGTATCATACGAATAAGGATCGGCTAACTCCGTGCCAGCAGCCGCGGTAATACGGAGGATTCAAGCGTTATCCGGATTTATTGGGTTTAAAGGGTGCGTAGGCGGTTTAATAAGTTAGAGGTGAAATCTCGGAGCTCAACTCCGAAACTGCCTCTAATACTGTTGAACTTGAGATTAGTTGCTGTGGGCGGAATGTATGGTGTAGCGGTGAAATGCTTAGAGATCATACAGAACACCGATTGCGAA
ASV_102	Bacteria	Bacteroidota	Bacteroidia	Bacteroidales	Rikenellaceae	Rikenella	NA	ASV_102	AGGATGACGGCTCTATGAGTTGTAAACTGCTTTTGTAAGAGGGTAAAATTGGGTACGTGTACCCAACTGCAAGTATCTTACGAATAAGGATCGGCTAACTCCGTGCCAGCAGCCGCGGTAATACGGAGGATCCGAGCGTTATCCGGATTTATTGGGTTTAAAGGGTGCGTAGGTGGCATTATAAGTCAGTGGTTAAATACGATAGCTCAACTATCGAAGTGCCATTGAAACTGTAGCGCTAGAGAGTGGTTGCAGCAGGCGGAATGTGTAGTGTAGCGGTGAAATGCTTAGATATTACACAGAACACCGATTGCGAA
ASV_103	Bacteria	Verrucomicrobiota	Verrucomicrobiae	Opitutales	Puniceicoccaceae	NA	NA	ASV_103	GGGACGAAGGTTTTCGAATTGTAAACCCCTGTCGAATAGGACTAAACGTAAGGTTAGTAGCCTTACTTGAATTAACTATTAGAGGAAGCAGTGGCTAACTCCGTGCCAGCAGCCGCGGTAATACGGAGACTGCGAGCGTTACTCGGATTCACTGGGCGTAAAGGGAGCGCAGGCGGTTGTATGTGTTGATTGTGAAATCTCGGGGCTCAACTCCGAAACTGCAGTCAAAACTATACAACTAGAGTATTGGAGGGGTAAACGGAATTTCTGGTGTAGCGGTGAAATGCGCAGATATCAGAAGGAACACCGAAGGCGAA
ASV_104	Bacteria	Bacteroidota	Bacteroidia	Bacteroidales	Rikenellaceae	Alistipes	NA	ASV_104	AGGATGACGGCTCTATGAGTTGTAAACTGCTTTTGTACGAGGGTAAACCTATCTACGTGTAGATAGTTGAAAGTATCGTACGAATAAGGGTCGGCTAACTCCGTGCCAGCAGCCGCGGTAATACGGAGGACCCGAGCGTTATCCGGATTTATTGGGTTTAAAGGGTGCGTAGGCGGTTTTATAAGTTAGAGGTGAAAGCTCGACGCTCAACGTCGAAAATGCCTCTGATACTGTAGAACTAGAGTGTAGTTGCGGAAGGCGGAATGTGTGGTGTAGCGGTGAAATGCTTAGATATCACACAGAACACCGATTGCGAA
ASV_105	Bacteria	Bacteroidota	Bacteroidia	Bacteroidales	Rikenellaceae	dgA-11 gut group	NA	ASV_105	AGGAAGACTGCCCTATGGGTTGTAAACTTCTTTTGTATGGGAGCAATAAGCTCTACGCGTAGAGTGATGAGAGTACCATACGAATAAGCACCGGCTAACTCCGTGCCAGCAGCCGCGGTAATACGGAGGGTGCAAGCGTTATCCGGATTTATTGGGTTTAAAGGGTGCGTAGGCTGTTAGATAAGTCAGTGGTGAAATACCTGAGCTCAACTTAGGGGCTGCCATTGATACTGTCTAGCTGGAATATGGTTGCTGTTGGCGGAATGTGTAGTGTAGCGGTGAAATGCATAGATATTACACAGAACACCGATTGCGAA
ASV_106	Bacteria	Bacteroidota	Bacteroidia	Bacteroidales	Rikenellaceae	Rikenella	NA	ASV_106	AGGAAGACGGCTCTATGAGTTGTAAACTTCTTTTGTAAGAGGATAAAAAAGAGTACGAGTACTCTCTTGCAGGTATCTTACGAATAAGGATCGGCTAACTCCGTGCCAGCAGCCGCGGTAATACGGAGGATTCGAGCGTTATCCGGATTTATTGGGTTTAAAGGGTGCGTAGGTGGTAGATTAAGTTAGTGGTGAAATTTAACGGCTCAACCGTATTTATGCCATTAATACTGATATACTAGAGTATGGATGTAGCAGGCGGAATGTGTAGTGTAGCGGTGAAATGCATAGATATTACACAGAACACCAATTGCGAA
ASV_107	Bacteria	Bacteroidota	Bacteroidia	Bacteroidales	Rikenellaceae	Alistipes	NA	ASV_107	AGGAAGACGGCTCTATGAGTTGTAAACTGCTTTTGTACGAGGGTAAAGTCAGATACGTGTATCTGTTTGAAAGTATCGTATGAATAAGGGTCGGCTAACTCCGTGCCAGCAGCCGCGGTAATACGGAGGACCCGAGCGTTATCCGGATTTATTGGGTTTAAAGGGTGCGTAGGCGGTTTGATAAGTTAGAGGTGAAATTTAGTGGCTTAACCACTAAACTGCCTCTAATACTGTTGAACTAGAGTGTAGATGCTGAGGGCGGAATGTGTAGTGTAGCGGTGAAATGCTTAGATATTACACAGAACACCGATTGCGAA
ASV_108	Bacteria	Bacteroidota	Bacteroidia	Bacteroidales	Rikenellaceae	Alistipes	NA	ASV_108	AGGATGACGGCTCTATGAGTTGTAAACTGCTTTTGTATGAGGGTAATTGCAGGTACGTGTACCTGTTTGAAAGTATCATACGAATAAGGATCGGCTAACTCCGTGCCAGCAGCCGCGGTAATACGGAGGATTCAAGCGTTATCCGGATTTATTGGGTTTAAAGGGTGCGTAGGCGGTTTGATAAGTTAGAGGTGAAATGTCGGGGCTCAACCCCGAAACTGCCTCTAATACTGTTGGACTAGAGAGTAGTTGCTGTGGGCGGAATGTATGGTGTAGCGGTGAAATGCTTAGATATCATACAGAACACCGATTGCGAA
ASV_109	Bacteria	Bacteroidota	Bacteroidia	Bacteroidales	Rikenellaceae	Rikenella	NA	ASV_109	AGGATGACGGCTCTATGAGTTGTAAACTGCTTTTGTATTAGGGTAATAGCCAGTACGTGTACTGGTCTGAAAGTATAATACGAATAAGGATCGGCTAACTCCGTGCCAGCAGCCGCGGTAATACGGAGGATTCAAGCGTTATCCGGATTTATTGGGTTTAAAGGGTGCGTAGGTGGTTTTATAAGTTAGTCGTTAAATATCGGGGCTCAACCTCGATCTTGCGATTGATACTGTAGAACTAGAGAGCAGTTGCGGTAGGCGGAATGAGTAGTGTAGCGGTGAAATGCTTAGATATTACTCAGAACACCGATTGCGAA
ASV_110	Bacteria	Bacteroidota	Bacteroidia	Bacteroidales	Rikenellaceae	Alistipes	NA	ASV_110	AGGATGACGGCTCTATGAGTTGTAAACTGCTTTTGTATGAGGGTAAATGTCGGTACGTGTACTGATTTGAAAGTATCATACGAATAAGGATCGGCTAACTCCGTGCCAGCAGCCGCGGTAATACGGAGGATCCAAGCGTTATCCGGATTTATTGGGTTTAAAGGGTGCGTAGGCGGTTTGATAAGTTAGAGGTGAAATGTCGGGGCTCAACCCCGAAACTGCCTCTAATACTGTTAGACTAGAGAGTAGTTGCTGTGGGCGGAATGTATGGTGTAGCGGTGAAATGCTTAGATATCATACAGAACACCGATTGCGAA
ASV_111	Bacteria	Bacteroidota	Bacteroidia	Bacteroidales	Rikenellaceae	Alistipes	NA	ASV_111	AGGAAGACGGCTCTATGAGTTGTAAACTGCTTTTGTACGAGGGTAAAGTTAGGTACGTGTACCTATTTGAAAGTATCGTATGAATAAGGGTCGGCTAACTCCGTGCCAGCAGCCGCGGTAATACGGAGGACCCGAGCGTTATCCGGATTTATTGGGTTTAAAGGGTGCGTAGGCGGTTTGATAAGTTAGAGGTGAAATTTAGTGGCTTAACCACTAAACTGCCTCTAATACTGTTGAACTAGAGTGTAGATGCTGAGGGCGGAATGTGTAGTGTAGCGGTGAAATGCTTAGATATTACACAGAACACCGATTGCGAA
ASV_112	Bacteria	Bacteroidota	Bacteroidia	Bacteroidales	Rikenellaceae	Rikenella	NA	ASV_112	AGGATTAAGGCTCTATGAGTTGTAAACTGCTTTTGTAAGGGGGTAAAAGAGATCACGTGTGGTCTATTGAAAGTACCTTACGAATAAGGATCGGCTAACTCCGTGCCAGCAGCCGCGGTAATACGGAGGATCCGAGCGTTATCCGGATTTATTGGGTTTAAAGGGTGCGTAGGTTGTACAATAAGTTAGCGGTGAAATACCGTAGCTCAACTATGGGGCTGCCGCTAATACTGTTGAACTAGAGATTGGTTGCAGCAGGCGGAATGTGTAGTGTAGCGGTGAAATGCTTAGATATTACACAGAACACCGATTGCGAA
ASV_113	Bacteria	Bacteroidota	Bacteroidia	Bacteroidales	Rikenellaceae	dgA-11 gut group	NA	ASV_113	AGGATGACTGCCCTATGGGTTGTAAACTTCTTTTGTATGGGAGCAATAAGCTTTACGAGTAGAGTGATGAGAGTACCATACGAATAAGCACCGGCTAACTCCGTGCCAGCAGCCGCGGTAATACGGAGGGTGCAAGCGTTATCCGGATTTATTGGGTTTAAAGGGTGCGTAGGCTGTTAGATAAGTCAGTGGTGAAATACCTGAGCTCAACTTAGGGGCTGCCATTGATACTGTCTAGCTGGAATATGGTTGCTGTTGGCGGAATGTGTAGTGTAGCGGTGAAATGCATAGATATTACACAGAACACCGATTGCGAA
ASV_114	Bacteria	Bacteroidota	Bacteroidia	Bacteroidales	Rikenellaceae	Alistipes	NA	ASV_114	AGGATGACGGCTCTATGAGTTGTAAACTGCTTTTGTATGAGGGTAAAGTGCGGTACGTGTACTGCTTTGAAAGTATCATACGAATAAGGATCGGCTAACTCCGTGCCAGCAGCCGCGGTAATACGGAGGATCCAAGCGTTATCCGGATTTATTGGGTTTAAAGGGTGCGTAGGCGGTTAGATAAGTTAGAGGTGAAATCTCGGGGCTCAACCCTGAAACTGCCTCTAATACTGTTTAACTAGAGAGTAGTTGCTGTGGGCGGAATGTATGGTGTAGCGGTGAAATGCTTAGATATCATACAGAACACCGATTGCGAA
ASV_115	Bacteria	Bacteroidota	Bacteroidia	Bacteroidales	Rikenellaceae	Alistipes	NA	ASV_115	AGGATGACGGCTCTATGAGTTGTAAACTGCTTTTGTATGAGGGTAATAGCAGATACGTGTATCTGTTTGAAAGTATCATACGAATAAGGATCGGCTAACTCCGTGCCAGCAGCCGCGGTAATACGGAGGATTCAAGCGTTATCCGGATTTATTGGGTTTAAAGGGTGCGTAGGCGGTTTGATAAGTTAGAGGTGAAATGTCGGGGCTCAACCCCGAAACTGCCTCTAATACTGTTGGACTAGAGAGTAGTTGCTGTGGGCGGAATGTATGGTGTAGCGGTGAAATGCTTAGATATCATACAGAACACCGATTGCGAA
ASV_116	Bacteria	Bacteroidota	Bacteroidia	Bacteroidales	Rikenellaceae	Rikenella	NA	ASV_116	AGGATGACGGCTCTATGAGTTGTAAACTGCTTTTGTAGAGGGGTAAAATTAGGTACGTGTACTTAACTGCAAGTACTCTACGAATAAGGATCGGCTAACTCCGTGCCAGCAGCCGCGGTAATACGGAGGATCCAAGCGTTATCCGGATTTATTGGGTTTAAAGGGTGCGTAGGTGGCTACTTAAGTCGGAGGTGAAAACGGAATGCTCAACATTCCGCCTGCCTTCGAAACTGGGCGGCTAGAGAGTGGTTGCAGATGGCGGAATGAGTAGTGTAGCGGTGAAATGCTTAGATATTACTCAGAACACCGATTGCGAA
ASV_117	Bacteria	Bacteroidota	Bacteroidia	Bacteroidales	Rikenellaceae	Alistipes	NA	ASV_117	AGGAAGACGGCTCTATGAGTTGTAAACTGCTTTTGTATGAGGGTAAAATCGGGTACGAGTACCTGTCTGAAAGTATCATACGAATAAGGATCGGCTAACTCCGTGCCAGCAGCCGCGGTAATACGGAGGATTCAAGCGTTATCCGGATTTATTGGGTTTAAAGGGTGCGTAGGCGGCCAGATAAGTTAGAGGTGAAATCTCGGAGCTCAACTCCGAAACTGCCTCTAATACTGTTTGGCTAGAGAGTAGTTGCTGTGGGCGGAATGTATGGTGTAGCGGTGAAATGCTTAGAGATCATACAGAACACCGATTGCGAA
ASV_118	Bacteria	Bacteroidota	Bacteroidia	Bacteroidales	Rikenellaceae	Alistipes	NA	ASV_118	AGGATGACGGCTCTATGAGTTGTAAACTGCTTTTGTATAGGGGTAATAGCAGGCACGTGTGCTTGTATGAAAGTACTATACGAATAAGGATCGGCTAACTCCGTGCCAGCAGCCGCGGTAATACGGAGGATTCGAGCGTTATCCGGATTTATTGGGTTTAAAGGGTGCGTAGGCGGTTTGATAAGTTAGAGGTTAAATGTCGGGGCTCAACCCCGTGCCTGCCTCTAATACTGTTAGACTAGATATTAGTTGCTGTGGGCGGAATGTATGGTGTAGCGGTGAAATGCTTAGATATCATACAGAACACCGATTGCGAA
ASV_119	Bacteria	Bacteroidota	Bacteroidia	Bacteroidales	Rikenellaceae	Alistipes	NA	ASV_119	AGGATGACGGCTCTATGAGTTGTAAACTGCTTTTGTATGAGGGTAAAAACTAGTACGTGTACTAGCCTGAAAGTATCATACGAATAAGGATCGGCTAACTCCGTGCCAGCAGCCGCGGTAATACGGAGGATTCAAGCGTTATCCGGATTTATTGGGTTTAAAGGGTGCGTAGGCGGTTTGATAAGTTAGAGGTGAAATGTCGGGGCTCAACCCCGAAACTGCCTCTAATACTGTTGAACTGGAGAGTAGTTGCTGTGGGCGGAATGTATGGTGTAGCGGTGAAATGCTTAGATATCATACAGAACACCGATTGCGAA
ASV_120	Bacteria	Bacteroidota	Bacteroidia	Bacteroidales	Rikenellaceae	Rikenella	NA	ASV_120	AGGATTAAGGCTCTATGAGTTGTAAACTGCTTTTGTAAGGGGGTAAAAGAGGTCACGAGTGGCTTACTGAAAGTACCTTACGAATAAGGATCGGCTAACTCCGTGCCAGCAGCCGCGGTAATACGGAGGATCCAAGCGTTATCCGGATTTATTGGGTTTAAAGGGTGCGTAGGTTGTATGATAAGTTAGCGGTGAAATACCGTAGCTCAACTATGGGGCTGCCGCTAATACTGTCAAACTAGAGATTGGTTGCAGCAGGCGGAATGTGTAGTGTAGCGGTGAAATGCTTAGATATTACACAGAACACCGATTGCGAA
ASV_121	Bacteria	Bacteroidota	Bacteroidia	Bacteroidales	Rikenellaceae	Rikenella	NA	ASV_121	AGGAAGACGGCTCTATGAGTTGTAAACTGCTTTTGTAAAGGGGTAAAATCAGGTACGTGTACCTGTTTGAAAGTACTTTACGAATAAGGATCGGCTAACTCCGTGCCAGCAGCCGCGGTAATACGGAGGATCCGAGCGTTATCCGGATTTATTGGGTTTAAAGGGTGCGTAGGTGGTTTAATAAGTTAGTGGTGAAATACCGATGCTCAACATCGGAACTGCCCCTAAAACTGTTAGACTAGATAGTGGATGCAGCAGGCGGAATGTGTAGTGTAGCGGTGAAATGCTTAGATATTACACAGAACACCGATTGCGAA
ASV_122	Bacteria	Bacteroidota	Bacteroidia	Bacteroidales	Rikenellaceae	Alistipes	NA	ASV_122	AGGATGACGGCTCTATGAGTTGTAAACTGCTTTTGTATGAGGGTAATTGCAGGTACGTGTACCTGTTTGAAAGTATCATACGAATAAGGATCGGCTAACTCCGTGCCAGCAGCCGCGGTAATACGGAGGATTCAAGCGTTATCCGGATTTATTGGGTTTAAAGGGTGCGTAGGCGGTTTGATAAGTTAGAGGTGAAATGTCGGGGCTCAACCCCGAAACTGCCTCTAATACTGTTGAACTAGAGAGTAGTTGCTGTGGGCGGAATGTATGGTGTAGCGGTGAAATGCTTAGATATCATACAGAACACCGATTGCGAA
ASV_123	Bacteria	Bacteroidota	Bacteroidia	Bacteroidales	Rikenellaceae	Alistipes	NA	ASV_123	AGGATGACGGCTCTATGAGTTGTAAACTGCTTTTGTACGAGGGTAAAATGTGGTACGTGTACCACACTGAAAGTACCGTACGAATAAGGATCGGCTAACTCCGTGCCAGCAGCCGCGGTAATACGGAGGATTCGAGCGTTATCCGGATTTATTGGGTTTAAAGGGTGCGTAGGCGGTTTGATAAGTTAGAGGTGAAATGTCGGGGCTCAACCCCGAAACTGCCTCTAATACTGTCAGACTAGAGAGTAGTTGCTGTGGGCGGAATGTATGGTGTAGCGGTAAAATGCGTAAATATATGAAGGAACACCAGTGGCGAA
ASV_124	Bacteria	Bacteroidota	Bacteroidia	Bacteroidales	Rikenellaceae	Alistipes	NA	ASV_124	AGGATGACGGCTCTATGAGTTGTAAACTGCTTTTGTATGAGGGTAAAACGTGGTACGTGTACCATTTTGAAAGTATCATACGAATAAGGATCGGCTAACTCCGTGCCAGCAGCCGCGGTAATACGGAGGATTCAAGCGTTATCCGGATTTATTGGGTTTAAAGGGTGCGTAGGCGGTTTGATAAGTTAGAGGTGAAATGTCGGGGCTCAACCCCGAAACTGCCTCTAATACTGTTGAACTGGAGAGTAGTTGCTGTGGGCGGAATGTATGGTGTAGCGGTGAAATGCTTAGATATCATACAGAACACCGATTGCGAA
ASV_125	Bacteria	Bacteroidota	Bacteroidia	Chitinophagales	Chitinophagaceae	NA	NA	ASV_125	AGGATTAAGGTCCTCTGGATTGTAAACTTCTTTTATAGGGGAAGAAAAGCAGAGATTCTTCTTTGTCTGACGGTACCCTATGAATAAGCACCGGCTAACTCCGTGCCAGCAGCCGCGGTAATACGGAGGGTGCAAGCGTTATCCGGATTCACTGGGTTTAAAGGGTGCGTAGGCGGGAATGTAAGTCAGTGGTGAAATCTCGGAGCTTAACTCCGAAACTGCCATTGATACTATGTTTCTTGAATATTGTGGAGGTGAGCGGAATATGTCATGTAGCGGTGAAATGCTTAGATATGACATAGAACACCGATTGCGAA
ASV_126	Bacteria	Bacteroidota	Bacteroidia	Bacteroidales	Rikenellaceae	Alistipes	NA	ASV_126	AGGATGACGGCTCTATGAGTTGTAAACTGCTTTTGTATGAGGGTAATTGCAGATACGTGTATCTGTTTGAAAGTATCATACGAATAAGGATCGGCTAACTCCGTGCCAGCAGCCGCGGTAATACGGAGGATTCAAGCGTTATCCGGATTTATTGGGTTTAAAGGGTGCGTAGGCGGTTTGATAAGTTAGAGGTGAAATGTCGGGGCTCAACCCCGAAACTGCCTCTAATACTGTTGGACTAGAGAGTAGTTGCTGTGGGCGGAATGTATGGTGTAGCGGTGAAATGCTTAGATATCATACAGAACACCGATTGCGAA
ASV_127	Bacteria	Proteobacteria	Gammaproteobacteria	Enterobacterales	Vibrionaceae	Candidatus Photodesmus	NA	ASV_127	AGGATGACGGCTCTATGAGTTGTAAACTGCTTTTGTATGAGGGTAAAAACAGATACGCGTATCTGCTTGAAAGTATCATACGAATAAGGATCGGCTAACTCCGTGCCAGCAGCCGCGGTAATACGGAGGGTGCGAGCGTTAATCGGAATTACTGGGCGTAAAGCGCATGCAGGTGGTTCATTAAGTCAGATGTGAAAGCCCGGGGCTCAACCTCGGAACTGCATTTGAAACTGGTGAACTAGAGTACTGTAGAGGGGGGTAGAATTTCAGGTGTAGCGGTGAAATGCGTAGAGATCTGAAGGAATACCAGTGGCGAA
ASV_128	Bacteria	Bacteroidota	Bacteroidia	NA	NA	NA	NA	ASV_128	AGGATGACGGCTCTATGAGTTGTAAACTGCTTTTGTATGAGGGTAAAAACAGATACGCGTATCTGCTTGAAAGTATCATACGAATAAGGATCGGCTAACTCCGTGCCAGCAGCCGCGGTAATACGGAGGGTGCAAGCGTTAATCGGAATCACTGGGCGTAAAGCGCTCGTAGGCTGTTTGGTAAGTCAGGGGTGAAAGCCCACCGCTCAACGGTGGAATTGCCTTTGATACTGCTGGACTAGAGTTCGGGAGAGGGTAGTGGAATTCCAGGTGTAGGAGTGAAATCCGTAGATATCTGGAGGAACATCAGTGGCGAA
ASV_129	Bacteria	Bacteroidota	Bacteroidia	NA	NA	NA	NA	ASV_129	AGGATGACGGCTCTATGAGTTGTAAACTGCTTTTGTATGAGGGTAAAATCATCTACGTGTAGATGACTGAAAGTATCATACGAATAAGGATCGGCTAACTACGTGCCAGCAGCCGCGGTAATACGTAGGATGCAAACGTTGCTCGGATTTACTGGGCGTAAAGGGTGAGTAGGCTGAACTATAAGTCTAAGGTGAAAGACCGGAGCTCAACTTCGGAAACGCCTCGGATACTGTAGTTCTAGAGTATGGTAGAGGATGATAGAATTCTTGGTGTAGCGGTGGAATGTTTAAATATCAAGAGGAATACCGATGGCGAA
ASV_130	Bacteria	Proteobacteria	Gammaproteobacteria	Enterobacterales	Vibrionaceae	Candidatus Photodesmus	NA	ASV_130	AGGATGACGGCTCTATGAGTTGTAAACTGCTTTTGTATGAGGGTAAACCCAGATACGTGTATCTGGCTGAAAGTATCATACGAATAAGGATCGGCTAACTCCGTGCCAGCAGCCGCGGTAATACGGAGGGTGCGAGCGTTAATCGGAATTACTGGGCGTAAAGCGCATGCAGGTGGTTCATTAAGTCAGATGTGAAAGCCCGGGGCTCAACCTCGGAACTGCATTTGAAACTGGTGAACTAGAGTACTGTAGAGGGGGGTAGAATTTCAGGTGTAGCGGTGAAATGCGTAGAGATCTGAAGGAATACCAGTGGCGAA
ASV_131	Bacteria	Bacteroidota	Bacteroidia	Bacteroidales	Rikenellaceae	Alistipes	NA	ASV_131	AGGATGACGGCTCTATGAGTTGTAAACTGCTTTTGTATGAGGGTAAACCCAGATACGTGTATCTGGCTGAAAGTATCATACGAATAAGGATCGGCTAACTCCGTGCCAGCAGCCGCGGTAATACGGAGGATTCAAGCGTTATCCGGATTTATTGGGTTTAAAGGGTGCGTAGGCGGTTTGATAAGTTAGAGGTGAAATCTCGGAGCTCAACTCCGAAACTGCCTCTAATACTGTCAAGCTAGAGAGTAGTTGCTGTGGGCGGAATGTATGGTGTAGCGGTAAAATGCGTAAATATATGAAGGAACACCAGTGGCGAA
ASV_132	Bacteria	NA	NA	NA	NA	NA	NA	ASV_132	AGGATGACGGCTCTATGAGTTGTAAACTGCTTTTGTATGAGGGTAATATCACCTACGTGTAGGTGTTTGAAAGTATCATACGAATAAGGATCGGCTAACTACGTGCCAGCAGCCGCGGTAATACGTAGGGGGCAAGCGTTATCCGGAATGACTGGGCGTAAAGGGAGCGTAGGCGGCTCTTTAAGTTATGTGTGAAAGCCCACAGCTCAACTGTGGAACTGCACATAAAACTGGAGAACTAGAGTGCGGGAGAGGTAAGTGGAATTCCTAGTGTAGCGGTGGAATGCGTAGATATTAGGAGGAACACCAGTGGCGAA
ASV_133	Bacteria	Bacteroidota	Bacteroidia	Bacteroidales	Rikenellaceae	Alistipes	NA	ASV_133	AGGATGACGGCTCTATGAGTTGTAAACTGCTTTTGTATGAGGGTAATATCACCTACGTGTAGGTGTTTGAAAGTATCATACGAATAAGGATCGGCTAACTCCGTGCCAGCAGCCGCGGTAATACGGAGGATTCAAGCGTTATCCGGATTTATTGGGTTTAAAGGGTGCGTAGGCGGTTTTATAAGTTAGAGGTGAAATATCGGGGCTCAACCCCGAAACTGCCTCTAATACTGTAGAACTAGAGAGTAGTTGCGGTAGGCGGAATGTATAGTGTAGCGGTGAAATGCGTAGATATTAGGAGGAACACCAGTGGCGAA
ASV_134	Bacteria	Bacteroidota	Bacteroidia	NA	NA	NA	NA	ASV_134	AGGATGACGGCTCTATGAGTTGTAAACTGCTTTTGTATGAGGGTAAAAACAGATACGCGTATCTGCTTGAAAGTATCATACGAATAAGGATCGGCTAACTACGTGCCAGCAGCCGCGGTAATACGTAGGTGGCGAGCGTTGTTCGGATTTATTGGGCGTAAAGGGTCCGCAGGAGGTTTATTAAATTTGAGGTGAAATACCGGAGCTCAACTCCGGAACTGCCTTGAAGACTGATAGACTAGAGTGCTGGAGAGGTAAGCGGAATTTCAGGTGTAGCGGTGGAATGCTTAGATATCTGAAAGAACACCAAAAGCGAA
ASV_135	Bacteria	Bacteroidota	Bacteroidia	Chitinophagales	Chitinophagaceae	Segetibacter	NA	ASV_135	AGGATGAAGGTCCTCTGGATTGTAAACTTCTTTTATGTGGGAAGAAATGCATTCTTTATAGAGTGTTTGACGGTACCATAGGAATAAGCACCGGCTAACTCCGTGCCAGCAGCCGCGGTAATACGGAGGGTGCGAGCGTTATCCGGATTCACTGGGTTTAAAGGGTGCGTAGGTGGGTTTGTAAGTCAGTGGTGAAATCTCCGTGCTTAACATGGAAACTGCCATTGATACTACAGGTCTTGAATTTTCCGGAGGTTAGCGGAATATGTCATGTAGCGGTGAAATGCTTAGATATGACATAGAACACCAATTGCGAA
ASV_136	Bacteria	Proteobacteria	Gammaproteobacteria	Enterobacterales	Vibrionaceae	Candidatus Photodesmus	NA	ASV_136	AGGATGACGGCTCTATGAGTTGTAAACTGCTTTTGTATAGGGGTAAAGTCACTCACGTGTGGGTGTTTGCAAGTACTATACGAATAAGGATCGGCTAACTCCGTGCCAGCAGCCGCGGTAATACGGAGGGTGCGAGCGTTAATCGGAATTACTGGGCGTAAAGCGCATGCAGGTGGTTCATTAAGTCAGATGTGAAAGCCCGGGGCTCAACCTCGGAACTGCATTTGAAACTGGTGAACTAGAGTACTGTAGAGGGGGGTAGAATTTCAGGTGTAGCGGTGAAATGCGTAGAGATCTGAAGGAATACCAGTGGCGAA
ASV_137	Bacteria	Proteobacteria	Gammaproteobacteria	Enterobacterales	Vibrionaceae	Candidatus Photodesmus	NA	ASV_137	AGGATGACGGCTCTATGAGTTGTAAACTGCTTTTGTACGAGGGTAAAATGTGGTACGTGTACCACACTGAAAGTACCGTACGAATAAGGATCGGCTAACTCCGTGCCAGCAGCCGCGGTAATACGGAGGGTGCGAGCGTTAATCGGAATTACTGGGCGTAAAGCGCATGCAGGTGGTTCATTAAGTCAGATGTGAAAGCCCGGGGCTCAACCTCGGAACTGCATTTGAAACTGGTGAACTAGAGTACTGTAGAGGGGGGTAGAATTTCAGGTGTAGCGGTGAAATGCGTAGAGATCTGAAGGAATACCAGTGGCGAA
ASV_138	Bacteria	Bacteroidota	Bacteroidia	Bacteroidales	Rikenellaceae	Alistipes	NA	ASV_138	AGGATGACGGCTCTATGAGTTGTAAACTGCTTTTGTATGAGGGTAATTGCACCTACGTGTAGGTGTTTGAAAGTATCATACGAATAAGGATCGGCTAACTCCGTGCCAGCAGCCGCGGTAATACGGAGGATTCAAGCGTTATCCGGATTTATTGGGTTTAAAGGGTGCGTAGGCGGTTTTATAAGTTAGAGGTGAAATATCGGGGCTCAACCCCGAAACTGCCTCTAATACTGTAGAACTAGAGAGTAGTTGCGGTAGGCGGAATGTATAGTGTAGCGGTGAAATGCGTAGATATTAGGAGGAACACCAGTGGCGAA
ASV_139	Bacteria	Bacteroidota	Bacteroidia	Bacteroidales	Rikenellaceae	Alistipes	NA	ASV_139	AGGATGACGGCTCTACGAGTTGTAAACTGCTTTTGTACGAGGGTAAAATTAGATACGTGTATCTAACTGAAAGTATCGTATGAATAAGGGTCGGCTAACTCCGTGCCAGCAGCCGCGGTAATACGGAGGACCCGAGCGTTATCCGGATTTATTGGGTTTAAAGGGTGCGTAGGCGGTTTGATAAGTTAGAGGTGAAAATTAGTGGCTTAACCACTAACGTGCCTCTAATACTGTTGAACTAGAGTGTAGATGCTGAGGGCGGAATGTGTAGTGTAGCGGTGAAATGCTTAGATATTACACAGAACACCGATTGCGAA
ASV_140	Bacteria	Bacteroidota	Bacteroidia	Bacteroidales	Muribaculaceae	NA	NA	ASV_140	GGGATGACTGTCCTATGGATTGTAAACCTCTTTTGTCAGGGAGCACATACCAGTACGTGTACTGGGGCAGAGAGTACCTGAAGAAAAAGCATCGGCTAACTCCGTGCCAGCAGCCGCGGTAATACGGAGGATGCGAGCGTTATCCGGATTTATTGGGTTTAAAGGGTGCGTAGGTGGTGGCATAAGTCAGCGGTAAAATTTCTGGGCTCAACCCAGTCTAGCCGTTGAAACTGTATCACTAGAGTTAGATTGAAGTAAACGGAATGCGTTGTGTAGCGGTGAAATGCATAGATATAACGCAGAACTCCAATTGCGAA
ASV_141	Bacteria	Proteobacteria	Gammaproteobacteria	Enterobacterales	Vibrionaceae	Candidatus Photodesmus	NA	ASV_141	AGGATGACGGCTCTATGAGTTGTAAACTGCTTTTGTATGAGGGTAAACTCAGGTACGTGTACCTGACTGAAAGTATCATACGAATAAGGATCGGCTAACTCCGTGCCAGCAGCCGCGGTAATACGGAGGGTGCGAGCGTTAATCGGAATTACTGGGCGTAAAGCGCATGCAGGTGGTTCATTAAGTCAGATGTGAAAGCCCGGGGCTCAACCTCGGAACTGCATTTGAAACTGGTGAACTAGAGTACTGTAGAGGGGGGTAGAATTTCAGGTGTAGCGGTGAAATGCGTAGAGATCTGAAGGAATACCAGTGGCGAA
ASV_142	Bacteria	Bacteroidota	Bacteroidia	Bacteroidales	Rikenellaceae	Alistipes	NA	ASV_142	AGGAAGACGGCTCTATGAGTTGTAAACTGCTTTTGTATGAGGGTAAAGTGCGGTACGTGTACTGCTTTGAAAGTATCATACGAATAAGGATCGGCTAACTCCGTGCCAGCAGCCGCGGTAATACGGAGGATCCAAGCGTTATCCGGATTTATTGGGTTTAAAGGGTGCGTAGGCGGTTAGATAAGTTAGAGGTGAAATCTCGGGGCTCAACCCTGAAACTGCCTCTAATACTGTTTAACTAGAGAGTAGTTGCTGTGGGCGGAATGTATGGTGTAGCGGTGAAATGCTTAGATATCATACAGAACACCGATTGCGAA
ASV_143	Bacteria	Firmicutes	NA	NA	NA	NA	NA	ASV_143	AGGATGACGGCTCTATGAGTTGTAAACTGCTTTTGTACGAGGGTAAAATGTGGTACGTGTACCACACTGAAAGTACCGTACGAATAAGGATCGGCTAACTACGTGCCAGCAGCCGCGGTAATACGTAGGGGGCAAGCGTTATCCGGAATGACTGGGCGTAAAGGGAGCGTAGGCGGCTCTTTAAGTTATGTGTGAAAGCCCACAGCTCAACTGTGGAACTGCACATAAAACTGGAGAACTAGAGTGCGGGAGAGGTAAGTGGAATTCCTAGTGTAGCGGTGGAATGCGTAGATATTAGGAGGAACACCAGTGGCGAA
ASV_144	Bacteria	Bacteroidota	Bacteroidia	Chitinophagales	Chitinophagaceae	Flavisolibacter	NA	ASV_144	AGGATGAAGGTCCTCTGGATTGTAAACTTCTTTTATAGGGGACGAAACCCGGATATTCTTATCCGATTGACGGTACCCTAGGAATAAGCACCGGCTAACTCCGTGCCAGCAGCCGCGGTAATACGGAGGGTGCAAGCGTTATCCGGATTCACTGGGTTTAAAGGGAGCGTAGGAGGGCAGGGAAGTCAGTGGTGAAATCTCCGGGCTTAACTCGGAAACTGCCGTTGATACTCTCTGTCTTGAATACCGTGGAGATGAGCGGAATATGTCATGTAGCGGTGAAATGCTTAGATATGACATAGAACACCAATTGCGAA
ASV_145	Bacteria	Bacteroidota	Bacteroidia	Bacteroidales	Rikenellaceae	Rikenella	NA	ASV_145	AGGAAGACGGCTCTATGAGTTGTAAACTGCTTTTGTAAAGGGGTAAAATCAGGTACGTGTACCTGTTTGAAAGTACTTTACGAATAAGGATCGGCTAACTCTGTGCCAGCAGCCGCGGTAATACGGAGGATCCGAGCGTTATCCGGATTTATTGGGTTTAAAGGGTGCGTAGGTGGTTTAATAAGTTAGTGGTGAAATACCGATGCTCAACATCGGAACTGCCCCTAAAACTGTTAGACTAGATAGTGGATGCAGCAGGCGGAATGTGTAGTGTAGCGGTGAAATGCTTAGATATTACACAGAACACCGATTGCGAA
ASV_146	Bacteria	Bacteroidota	Bacteroidia	Chitinophagales	Chitinophagaceae	Segetibacter	NA	ASV_146	AGGATGAAGGCCCTCTGGGTTGTAAACTTCTTTTATCTGGGAAGAAATGCCTGTTTTTTAACGGGTTTGACGGTACCAGAGGAATAAGCACCGGCTAACTCCGTGCCAGCAGCCGCGGTAATACGGAGGGTGCAAGCGTTATCCGGATTCACTGGGTTTAAAGGGTGCGTAGGTGGGTTGGTAAGTCAGTGGTGAAATCTCCGTGCTTAACATGGAAACTGCCATTGATACTACTGATCTTGAATTTTCTGGAGGTAAGCGGAATATGTCATGTAGCGGTGAAATGCTTAGATATGACATAGAACACCAATTGCGAA
ASV_147	Bacteria	Proteobacteria	Gammaproteobacteria	Enterobacterales	Vibrionaceae	Candidatus Photodesmus	NA	ASV_147	AGGATGACGGCTCTATGAGTTGTAAACTGCTTTTGTACGAGGGTAAAATGTGGTACGTGTACCACACTGAAAGTACCGTACGAATAAGGATCGGCTAACTCCGTGCCAGCAGCCGCGGTAATACGGAGGGTGCGAGCGTTAATCGGAATTACTGGGCGTAAAGCGCATGCAGGTGGTTCATTAAGTCAGATGTGAAAGCCCGGGGCTCAACCTCGGAACTGCATTTGAAACTGGTGAACTAGAGTACTGTAGAGGGGGGTAGAATTTCATGTGTAGCGGTAAAATGCGTAAATATATGAAGGAACACCAGTGGCGAA
